fieldbridge_id	source_dataset	pair_id	modality	field_strength	paired_field_strength	relative_path	split_group
ADNI_T1W_0401	adni	ADNI_T1W_0401	T1W	1.5T	3T	data/adni/ADNI_T1W_0401/ADNI_T1W_0401_T1W_1.5T.nii.gz	adni:ADNI_T1W_0401
ADNI_T1W_0401	adni	ADNI_T1W_0401	T1W	3T	1.5T	data/adni/ADNI_T1W_0401/ADNI_T1W_0401_T1W_3T.nii.gz	adni:ADNI_T1W_0401
ADNI_T1W_0402	adni	ADNI_T1W_0402	T1W	1.5T	3T	data/adni/ADNI_T1W_0402/ADNI_T1W_0402_T1W_1.5T.nii.gz	adni:ADNI_T1W_0402
ADNI_T1W_0402	adni	ADNI_T1W_0402	T1W	3T	1.5T	data/adni/ADNI_T1W_0402/ADNI_T1W_0402_T1W_3T.nii.gz	adni:ADNI_T1W_0402
ADNI_T1W_0403	adni	ADNI_T1W_0403	T1W	1.5T	3T	data/adni/ADNI_T1W_0403/ADNI_T1W_0403_T1W_1.5T.nii.gz	adni:ADNI_T1W_0403
ADNI_T1W_0403	adni	ADNI_T1W_0403	T1W	3T	1.5T	data/adni/ADNI_T1W_0403/ADNI_T1W_0403_T1W_3T.nii.gz	adni:ADNI_T1W_0403
ADNI_T1W_0404	adni	ADNI_T1W_0404	T1W	1.5T	3T	data/adni/ADNI_T1W_0404/ADNI_T1W_0404_T1W_1.5T.nii.gz	adni:ADNI_T1W_0404
ADNI_T1W_0404	adni	ADNI_T1W_0404	T1W	3T	1.5T	data/adni/ADNI_T1W_0404/ADNI_T1W_0404_T1W_3T.nii.gz	adni:ADNI_T1W_0404
ADNI_T1W_0405	adni	ADNI_T1W_0405	T1W	1.5T	3T	data/adni/ADNI_T1W_0405/ADNI_T1W_0405_T1W_1.5T.nii.gz	adni:ADNI_T1W_0405
ADNI_T1W_0405	adni	ADNI_T1W_0405	T1W	3T	1.5T	data/adni/ADNI_T1W_0405/ADNI_T1W_0405_T1W_3T.nii.gz	adni:ADNI_T1W_0405
ADNI_T1W_0406	adni	ADNI_T1W_0406	T1W	1.5T	3T	data/adni/ADNI_T1W_0406/ADNI_T1W_0406_T1W_1.5T.nii.gz	adni:ADNI_T1W_0406
ADNI_T1W_0406	adni	ADNI_T1W_0406	T1W	3T	1.5T	data/adni/ADNI_T1W_0406/ADNI_T1W_0406_T1W_3T.nii.gz	adni:ADNI_T1W_0406
ADNI_T1W_0407	adni	ADNI_T1W_0407	T1W	1.5T	3T	data/adni/ADNI_T1W_0407/ADNI_T1W_0407_T1W_1.5T.nii.gz	adni:ADNI_T1W_0407
ADNI_T1W_0407	adni	ADNI_T1W_0407	T1W	3T	1.5T	data/adni/ADNI_T1W_0407/ADNI_T1W_0407_T1W_3T.nii.gz	adni:ADNI_T1W_0407
ADNI_T1W_0408	adni	ADNI_T1W_0408	T1W	1.5T	3T	data/adni/ADNI_T1W_0408/ADNI_T1W_0408_T1W_1.5T.nii.gz	adni:ADNI_T1W_0408
ADNI_T1W_0408	adni	ADNI_T1W_0408	T1W	3T	1.5T	data/adni/ADNI_T1W_0408/ADNI_T1W_0408_T1W_3T.nii.gz	adni:ADNI_T1W_0408
ADNI_T1W_0409	adni	ADNI_T1W_0409	T1W	1.5T	3T	data/adni/ADNI_T1W_0409/ADNI_T1W_0409_T1W_1.5T.nii.gz	adni:ADNI_T1W_0409
ADNI_T1W_0409	adni	ADNI_T1W_0409	T1W	3T	1.5T	data/adni/ADNI_T1W_0409/ADNI_T1W_0409_T1W_3T.nii.gz	adni:ADNI_T1W_0409
ADNI_T1W_0410	adni	ADNI_T1W_0410	T1W	1.5T	3T	data/adni/ADNI_T1W_0410/ADNI_T1W_0410_T1W_1.5T.nii.gz	adni:ADNI_T1W_0410
ADNI_T1W_0410	adni	ADNI_T1W_0410	T1W	3T	1.5T	data/adni/ADNI_T1W_0410/ADNI_T1W_0410_T1W_3T.nii.gz	adni:ADNI_T1W_0410
ADNI_T1W_0411	adni	ADNI_T1W_0411	T1W	1.5T	3T	data/adni/ADNI_T1W_0411/ADNI_T1W_0411_T1W_1.5T.nii.gz	adni:ADNI_T1W_0411
ADNI_T1W_0411	adni	ADNI_T1W_0411	T1W	3T	1.5T	data/adni/ADNI_T1W_0411/ADNI_T1W_0411_T1W_3T.nii.gz	adni:ADNI_T1W_0411
ADNI_T1W_0412	adni	ADNI_T1W_0412	T1W	1.5T	3T	data/adni/ADNI_T1W_0412/ADNI_T1W_0412_T1W_1.5T.nii.gz	adni:ADNI_T1W_0412
ADNI_T1W_0412	adni	ADNI_T1W_0412	T1W	3T	1.5T	data/adni/ADNI_T1W_0412/ADNI_T1W_0412_T1W_3T.nii.gz	adni:ADNI_T1W_0412
ADNI_T1W_0413	adni	ADNI_T1W_0413	T1W	1.5T	3T	data/adni/ADNI_T1W_0413/ADNI_T1W_0413_T1W_1.5T.nii.gz	adni:ADNI_T1W_0413
ADNI_T1W_0413	adni	ADNI_T1W_0413	T1W	3T	1.5T	data/adni/ADNI_T1W_0413/ADNI_T1W_0413_T1W_3T.nii.gz	adni:ADNI_T1W_0413
ADNI_T1W_0414	adni	ADNI_T1W_0414	T1W	1.5T	3T	data/adni/ADNI_T1W_0414/ADNI_T1W_0414_T1W_1.5T.nii.gz	adni:ADNI_T1W_0414
ADNI_T1W_0414	adni	ADNI_T1W_0414	T1W	3T	1.5T	data/adni/ADNI_T1W_0414/ADNI_T1W_0414_T1W_3T.nii.gz	adni:ADNI_T1W_0414
ADNI_T1W_0415	adni	ADNI_T1W_0415	T1W	1.5T	3T	data/adni/ADNI_T1W_0415/ADNI_T1W_0415_T1W_1.5T.nii.gz	adni:ADNI_T1W_0415
ADNI_T1W_0415	adni	ADNI_T1W_0415	T1W	3T	1.5T	data/adni/ADNI_T1W_0415/ADNI_T1W_0415_T1W_3T.nii.gz	adni:ADNI_T1W_0415
ADNI_T1W_0416	adni	ADNI_T1W_0416	T1W	1.5T	3T	data/adni/ADNI_T1W_0416/ADNI_T1W_0416_T1W_1.5T.nii.gz	adni:ADNI_T1W_0416
ADNI_T1W_0416	adni	ADNI_T1W_0416	T1W	3T	1.5T	data/adni/ADNI_T1W_0416/ADNI_T1W_0416_T1W_3T.nii.gz	adni:ADNI_T1W_0416
ADNI_T1W_0417	adni	ADNI_T1W_0417	T1W	1.5T	3T	data/adni/ADNI_T1W_0417/ADNI_T1W_0417_T1W_1.5T.nii.gz	adni:ADNI_T1W_0417
ADNI_T1W_0417	adni	ADNI_T1W_0417	T1W	3T	1.5T	data/adni/ADNI_T1W_0417/ADNI_T1W_0417_T1W_3T.nii.gz	adni:ADNI_T1W_0417
ADNI_T1W_0418	adni	ADNI_T1W_0418	T1W	1.5T	3T	data/adni/ADNI_T1W_0418/ADNI_T1W_0418_T1W_1.5T.nii.gz	adni:ADNI_T1W_0418
ADNI_T1W_0418	adni	ADNI_T1W_0418	T1W	3T	1.5T	data/adni/ADNI_T1W_0418/ADNI_T1W_0418_T1W_3T.nii.gz	adni:ADNI_T1W_0418
ADNI_T1W_0419	adni	ADNI_T1W_0419	T1W	1.5T	3T	data/adni/ADNI_T1W_0419/ADNI_T1W_0419_T1W_1.5T.nii.gz	adni:ADNI_T1W_0419
ADNI_T1W_0419	adni	ADNI_T1W_0419	T1W	3T	1.5T	data/adni/ADNI_T1W_0419/ADNI_T1W_0419_T1W_3T.nii.gz	adni:ADNI_T1W_0419
ADNI_T1W_0420	adni	ADNI_T1W_0420	T1W	1.5T	3T	data/adni/ADNI_T1W_0420/ADNI_T1W_0420_T1W_1.5T.nii.gz	adni:ADNI_T1W_0420
ADNI_T1W_0420	adni	ADNI_T1W_0420	T1W	3T	1.5T	data/adni/ADNI_T1W_0420/ADNI_T1W_0420_T1W_3T.nii.gz	adni:ADNI_T1W_0420
ADNI_T1W_0421	adni	ADNI_T1W_0421	T1W	1.5T	3T	data/adni/ADNI_T1W_0421/ADNI_T1W_0421_T1W_1.5T.nii.gz	adni:ADNI_T1W_0421
ADNI_T1W_0421	adni	ADNI_T1W_0421	T1W	3T	1.5T	data/adni/ADNI_T1W_0421/ADNI_T1W_0421_T1W_3T.nii.gz	adni:ADNI_T1W_0421
ADNI_T1W_0422	adni	ADNI_T1W_0422	T1W	1.5T	3T	data/adni/ADNI_T1W_0422/ADNI_T1W_0422_T1W_1.5T.nii.gz	adni:ADNI_T1W_0422
ADNI_T1W_0422	adni	ADNI_T1W_0422	T1W	3T	1.5T	data/adni/ADNI_T1W_0422/ADNI_T1W_0422_T1W_3T.nii.gz	adni:ADNI_T1W_0422
ADNI_T1W_0423	adni	ADNI_T1W_0423	T1W	1.5T	3T	data/adni/ADNI_T1W_0423/ADNI_T1W_0423_T1W_1.5T.nii.gz	adni:ADNI_T1W_0423
ADNI_T1W_0423	adni	ADNI_T1W_0423	T1W	3T	1.5T	data/adni/ADNI_T1W_0423/ADNI_T1W_0423_T1W_3T.nii.gz	adni:ADNI_T1W_0423
ADNI_T1W_0424	adni	ADNI_T1W_0424	T1W	1.5T	3T	data/adni/ADNI_T1W_0424/ADNI_T1W_0424_T1W_1.5T.nii.gz	adni:ADNI_T1W_0424
ADNI_T1W_0424	adni	ADNI_T1W_0424	T1W	3T	1.5T	data/adni/ADNI_T1W_0424/ADNI_T1W_0424_T1W_3T.nii.gz	adni:ADNI_T1W_0424
ADNI_T1W_0425	adni	ADNI_T1W_0425	T1W	1.5T	3T	data/adni/ADNI_T1W_0425/ADNI_T1W_0425_T1W_1.5T.nii.gz	adni:ADNI_T1W_0425
ADNI_T1W_0425	adni	ADNI_T1W_0425	T1W	3T	1.5T	data/adni/ADNI_T1W_0425/ADNI_T1W_0425_T1W_3T.nii.gz	adni:ADNI_T1W_0425
ADNI_T1W_0426	adni	ADNI_T1W_0426	T1W	1.5T	3T	data/adni/ADNI_T1W_0426/ADNI_T1W_0426_T1W_1.5T.nii.gz	adni:ADNI_T1W_0426
ADNI_T1W_0426	adni	ADNI_T1W_0426	T1W	3T	1.5T	data/adni/ADNI_T1W_0426/ADNI_T1W_0426_T1W_3T.nii.gz	adni:ADNI_T1W_0426
ADNI_T1W_0427	adni	ADNI_T1W_0427	T1W	1.5T	3T	data/adni/ADNI_T1W_0427/ADNI_T1W_0427_T1W_1.5T.nii.gz	adni:ADNI_T1W_0427
ADNI_T1W_0427	adni	ADNI_T1W_0427	T1W	3T	1.5T	data/adni/ADNI_T1W_0427/ADNI_T1W_0427_T1W_3T.nii.gz	adni:ADNI_T1W_0427
ADNI_T1W_0428	adni	ADNI_T1W_0428	T1W	1.5T	3T	data/adni/ADNI_T1W_0428/ADNI_T1W_0428_T1W_1.5T.nii.gz	adni:ADNI_T1W_0428
ADNI_T1W_0428	adni	ADNI_T1W_0428	T1W	3T	1.5T	data/adni/ADNI_T1W_0428/ADNI_T1W_0428_T1W_3T.nii.gz	adni:ADNI_T1W_0428
ADNI_T1W_0429	adni	ADNI_T1W_0429	T1W	1.5T	3T	data/adni/ADNI_T1W_0429/ADNI_T1W_0429_T1W_1.5T.nii.gz	adni:ADNI_T1W_0429
ADNI_T1W_0429	adni	ADNI_T1W_0429	T1W	3T	1.5T	data/adni/ADNI_T1W_0429/ADNI_T1W_0429_T1W_3T.nii.gz	adni:ADNI_T1W_0429
ADNI_T1W_0430	adni	ADNI_T1W_0430	T1W	1.5T	3T	data/adni/ADNI_T1W_0430/ADNI_T1W_0430_T1W_1.5T.nii.gz	adni:ADNI_T1W_0430
ADNI_T1W_0430	adni	ADNI_T1W_0430	T1W	3T	1.5T	data/adni/ADNI_T1W_0430/ADNI_T1W_0430_T1W_3T.nii.gz	adni:ADNI_T1W_0430
ADNI_T1W_0431	adni	ADNI_T1W_0431	T1W	1.5T	3T	data/adni/ADNI_T1W_0431/ADNI_T1W_0431_T1W_1.5T.nii.gz	adni:ADNI_T1W_0431
ADNI_T1W_0431	adni	ADNI_T1W_0431	T1W	3T	1.5T	data/adni/ADNI_T1W_0431/ADNI_T1W_0431_T1W_3T.nii.gz	adni:ADNI_T1W_0431
ADNI_T1W_0432	adni	ADNI_T1W_0432	T1W	1.5T	3T	data/adni/ADNI_T1W_0432/ADNI_T1W_0432_T1W_1.5T.nii.gz	adni:ADNI_T1W_0432
ADNI_T1W_0432	adni	ADNI_T1W_0432	T1W	3T	1.5T	data/adni/ADNI_T1W_0432/ADNI_T1W_0432_T1W_3T.nii.gz	adni:ADNI_T1W_0432
ADNI_T1W_0433	adni	ADNI_T1W_0433	T1W	1.5T	3T	data/adni/ADNI_T1W_0433/ADNI_T1W_0433_T1W_1.5T.nii.gz	adni:ADNI_T1W_0433
ADNI_T1W_0433	adni	ADNI_T1W_0433	T1W	3T	1.5T	data/adni/ADNI_T1W_0433/ADNI_T1W_0433_T1W_3T.nii.gz	adni:ADNI_T1W_0433
ADNI_T1W_0434	adni	ADNI_T1W_0434	T1W	1.5T	3T	data/adni/ADNI_T1W_0434/ADNI_T1W_0434_T1W_1.5T.nii.gz	adni:ADNI_T1W_0434
ADNI_T1W_0434	adni	ADNI_T1W_0434	T1W	3T	1.5T	data/adni/ADNI_T1W_0434/ADNI_T1W_0434_T1W_3T.nii.gz	adni:ADNI_T1W_0434
ADNI_T1W_0435	adni	ADNI_T1W_0435	T1W	1.5T	3T	data/adni/ADNI_T1W_0435/ADNI_T1W_0435_T1W_1.5T.nii.gz	adni:ADNI_T1W_0435
ADNI_T1W_0435	adni	ADNI_T1W_0435	T1W	3T	1.5T	data/adni/ADNI_T1W_0435/ADNI_T1W_0435_T1W_3T.nii.gz	adni:ADNI_T1W_0435
ADNI_T1W_0436	adni	ADNI_T1W_0436	T1W	1.5T	3T	data/adni/ADNI_T1W_0436/ADNI_T1W_0436_T1W_1.5T.nii.gz	adni:ADNI_T1W_0436
ADNI_T1W_0436	adni	ADNI_T1W_0436	T1W	3T	1.5T	data/adni/ADNI_T1W_0436/ADNI_T1W_0436_T1W_3T.nii.gz	adni:ADNI_T1W_0436
ADNI_T1W_0437	adni	ADNI_T1W_0437	T1W	1.5T	3T	data/adni/ADNI_T1W_0437/ADNI_T1W_0437_T1W_1.5T.nii.gz	adni:ADNI_T1W_0437
ADNI_T1W_0437	adni	ADNI_T1W_0437	T1W	3T	1.5T	data/adni/ADNI_T1W_0437/ADNI_T1W_0437_T1W_3T.nii.gz	adni:ADNI_T1W_0437
ADNI_T1W_0438	adni	ADNI_T1W_0438	T1W	1.5T	3T	data/adni/ADNI_T1W_0438/ADNI_T1W_0438_T1W_1.5T.nii.gz	adni:ADNI_T1W_0438
ADNI_T1W_0438	adni	ADNI_T1W_0438	T1W	3T	1.5T	data/adni/ADNI_T1W_0438/ADNI_T1W_0438_T1W_3T.nii.gz	adni:ADNI_T1W_0438
ADNI_T1W_0439	adni	ADNI_T1W_0439	T1W	1.5T	3T	data/adni/ADNI_T1W_0439/ADNI_T1W_0439_T1W_1.5T.nii.gz	adni:ADNI_T1W_0439
ADNI_T1W_0439	adni	ADNI_T1W_0439	T1W	3T	1.5T	data/adni/ADNI_T1W_0439/ADNI_T1W_0439_T1W_3T.nii.gz	adni:ADNI_T1W_0439
ADNI_T1W_0440	adni	ADNI_T1W_0440	T1W	1.5T	3T	data/adni/ADNI_T1W_0440/ADNI_T1W_0440_T1W_1.5T.nii.gz	adni:ADNI_T1W_0440
ADNI_T1W_0440	adni	ADNI_T1W_0440	T1W	3T	1.5T	data/adni/ADNI_T1W_0440/ADNI_T1W_0440_T1W_3T.nii.gz	adni:ADNI_T1W_0440
ADNI_T1W_0441	adni	ADNI_T1W_0441	T1W	1.5T	3T	data/adni/ADNI_T1W_0441/ADNI_T1W_0441_T1W_1.5T.nii.gz	adni:ADNI_T1W_0441
ADNI_T1W_0441	adni	ADNI_T1W_0441	T1W	3T	1.5T	data/adni/ADNI_T1W_0441/ADNI_T1W_0441_T1W_3T.nii.gz	adni:ADNI_T1W_0441
ADNI_T1W_0442	adni	ADNI_T1W_0442	T1W	1.5T	3T	data/adni/ADNI_T1W_0442/ADNI_T1W_0442_T1W_1.5T.nii.gz	adni:ADNI_T1W_0442
ADNI_T1W_0442	adni	ADNI_T1W_0442	T1W	3T	1.5T	data/adni/ADNI_T1W_0442/ADNI_T1W_0442_T1W_3T.nii.gz	adni:ADNI_T1W_0442
ADNI_T1W_0443	adni	ADNI_T1W_0443	T1W	1.5T	3T	data/adni/ADNI_T1W_0443/ADNI_T1W_0443_T1W_1.5T.nii.gz	adni:ADNI_T1W_0443
ADNI_T1W_0443	adni	ADNI_T1W_0443	T1W	3T	1.5T	data/adni/ADNI_T1W_0443/ADNI_T1W_0443_T1W_3T.nii.gz	adni:ADNI_T1W_0443
ADNI_T1W_0444	adni	ADNI_T1W_0444	T1W	1.5T	3T	data/adni/ADNI_T1W_0444/ADNI_T1W_0444_T1W_1.5T.nii.gz	adni:ADNI_T1W_0444
ADNI_T1W_0444	adni	ADNI_T1W_0444	T1W	3T	1.5T	data/adni/ADNI_T1W_0444/ADNI_T1W_0444_T1W_3T.nii.gz	adni:ADNI_T1W_0444
ADNI_T1W_0445	adni	ADNI_T1W_0445	T1W	1.5T	3T	data/adni/ADNI_T1W_0445/ADNI_T1W_0445_T1W_1.5T.nii.gz	adni:ADNI_T1W_0445
ADNI_T1W_0445	adni	ADNI_T1W_0445	T1W	3T	1.5T	data/adni/ADNI_T1W_0445/ADNI_T1W_0445_T1W_3T.nii.gz	adni:ADNI_T1W_0445
ADNI_T1W_0446	adni	ADNI_T1W_0446	T1W	1.5T	3T	data/adni/ADNI_T1W_0446/ADNI_T1W_0446_T1W_1.5T.nii.gz	adni:ADNI_T1W_0446
ADNI_T1W_0446	adni	ADNI_T1W_0446	T1W	3T	1.5T	data/adni/ADNI_T1W_0446/ADNI_T1W_0446_T1W_3T.nii.gz	adni:ADNI_T1W_0446
ADNI_T1W_0447	adni	ADNI_T1W_0447	T1W	1.5T	3T	data/adni/ADNI_T1W_0447/ADNI_T1W_0447_T1W_1.5T.nii.gz	adni:ADNI_T1W_0447
ADNI_T1W_0447	adni	ADNI_T1W_0447	T1W	3T	1.5T	data/adni/ADNI_T1W_0447/ADNI_T1W_0447_T1W_3T.nii.gz	adni:ADNI_T1W_0447
FG_001	figshare_26075713	FG_001	T1W	3T	7T	data/figshare_26075713/FG_001/FG_001_T1W_3T.nii.gz	figshare_26075713:FG_001
FG_001	figshare_26075713	FG_001	T1W	7T	3T	data/figshare_26075713/FG_001/FG_001_T1W_7T.nii.gz	figshare_26075713:FG_001
FG_001	figshare_26075713	FG_001	T2W	3T	7T	data/figshare_26075713/FG_001/FG_001_T2W_3T.nii.gz	figshare_26075713:FG_001
FG_001	figshare_26075713	FG_001	T2W	7T	3T	data/figshare_26075713/FG_001/FG_001_T2W_7T.nii.gz	figshare_26075713:FG_001
FG_002	figshare_26075713	FG_002	T1W	3T	7T	data/figshare_26075713/FG_002/FG_002_T1W_3T.nii.gz	figshare_26075713:FG_002
FG_002	figshare_26075713	FG_002	T1W	7T	3T	data/figshare_26075713/FG_002/FG_002_T1W_7T.nii.gz	figshare_26075713:FG_002
FG_002	figshare_26075713	FG_002	T2W	3T	7T	data/figshare_26075713/FG_002/FG_002_T2W_3T.nii.gz	figshare_26075713:FG_002
FG_002	figshare_26075713	FG_002	T2W	7T	3T	data/figshare_26075713/FG_002/FG_002_T2W_7T.nii.gz	figshare_26075713:FG_002
FG_003	figshare_26075713	FG_003	T1W	3T	7T	data/figshare_26075713/FG_003/FG_003_T1W_3T.nii.gz	figshare_26075713:FG_003
FG_003	figshare_26075713	FG_003	T1W	7T	3T	data/figshare_26075713/FG_003/FG_003_T1W_7T.nii.gz	figshare_26075713:FG_003
FG_003	figshare_26075713	FG_003	T2W	3T	7T	data/figshare_26075713/FG_003/FG_003_T2W_3T.nii.gz	figshare_26075713:FG_003
FG_003	figshare_26075713	FG_003	T2W	7T	3T	data/figshare_26075713/FG_003/FG_003_T2W_7T.nii.gz	figshare_26075713:FG_003
FG_004	figshare_26075713	FG_004	T1W	3T	7T	data/figshare_26075713/FG_004/FG_004_T1W_3T.nii.gz	figshare_26075713:FG_004
FG_004	figshare_26075713	FG_004	T1W	7T	3T	data/figshare_26075713/FG_004/FG_004_T1W_7T.nii.gz	figshare_26075713:FG_004
FG_004	figshare_26075713	FG_004	T2W	3T	7T	data/figshare_26075713/FG_004/FG_004_T2W_3T.nii.gz	figshare_26075713:FG_004
FG_004	figshare_26075713	FG_004	T2W	7T	3T	data/figshare_26075713/FG_004/FG_004_T2W_7T.nii.gz	figshare_26075713:FG_004
FG_005	figshare_26075713	FG_005	T1W	3T	7T	data/figshare_26075713/FG_005/FG_005_T1W_3T.nii.gz	figshare_26075713:FG_005
FG_005	figshare_26075713	FG_005	T1W	7T	3T	data/figshare_26075713/FG_005/FG_005_T1W_7T.nii.gz	figshare_26075713:FG_005
FG_005	figshare_26075713	FG_005	T2W	3T	7T	data/figshare_26075713/FG_005/FG_005_T2W_3T.nii.gz	figshare_26075713:FG_005
FG_005	figshare_26075713	FG_005	T2W	7T	3T	data/figshare_26075713/FG_005/FG_005_T2W_7T.nii.gz	figshare_26075713:FG_005
FG_006	figshare_26075713	FG_006	T1W	3T	7T	data/figshare_26075713/FG_006/FG_006_T1W_3T.nii.gz	figshare_26075713:FG_006
FG_006	figshare_26075713	FG_006	T1W	7T	3T	data/figshare_26075713/FG_006/FG_006_T1W_7T.nii.gz	figshare_26075713:FG_006
FG_006	figshare_26075713	FG_006	T2W	3T	7T	data/figshare_26075713/FG_006/FG_006_T2W_3T.nii.gz	figshare_26075713:FG_006
FG_006	figshare_26075713	FG_006	T2W	7T	3T	data/figshare_26075713/FG_006/FG_006_T2W_7T.nii.gz	figshare_26075713:FG_006
FG_007	figshare_26075713	FG_007	T1W	3T	7T	data/figshare_26075713/FG_007/FG_007_T1W_3T.nii.gz	figshare_26075713:FG_007
FG_007	figshare_26075713	FG_007	T1W	7T	3T	data/figshare_26075713/FG_007/FG_007_T1W_7T.nii.gz	figshare_26075713:FG_007
FG_007	figshare_26075713	FG_007	T2W	3T	7T	data/figshare_26075713/FG_007/FG_007_T2W_3T.nii.gz	figshare_26075713:FG_007
FG_007	figshare_26075713	FG_007	T2W	7T	3T	data/figshare_26075713/FG_007/FG_007_T2W_7T.nii.gz	figshare_26075713:FG_007
FG_008	figshare_26075713	FG_008	T1W	3T	7T	data/figshare_26075713/FG_008/FG_008_T1W_3T.nii.gz	figshare_26075713:FG_008
FG_008	figshare_26075713	FG_008	T1W	7T	3T	data/figshare_26075713/FG_008/FG_008_T1W_7T.nii.gz	figshare_26075713:FG_008
FG_008	figshare_26075713	FG_008	T2W	3T	7T	data/figshare_26075713/FG_008/FG_008_T2W_3T.nii.gz	figshare_26075713:FG_008
FG_008	figshare_26075713	FG_008	T2W	7T	3T	data/figshare_26075713/FG_008/FG_008_T2W_7T.nii.gz	figshare_26075713:FG_008
FG_009	figshare_26075713	FG_009	T1W	3T	7T	data/figshare_26075713/FG_009/FG_009_T1W_3T.nii.gz	figshare_26075713:FG_009
FG_009	figshare_26075713	FG_009	T1W	7T	3T	data/figshare_26075713/FG_009/FG_009_T1W_7T.nii.gz	figshare_26075713:FG_009
FG_009	figshare_26075713	FG_009	T2W	3T	7T	data/figshare_26075713/FG_009/FG_009_T2W_3T.nii.gz	figshare_26075713:FG_009
FG_009	figshare_26075713	FG_009	T2W	7T	3T	data/figshare_26075713/FG_009/FG_009_T2W_7T.nii.gz	figshare_26075713:FG_009
FG_010	figshare_26075713	FG_010	T1W	3T	7T	data/figshare_26075713/FG_010/FG_010_T1W_3T.nii.gz	figshare_26075713:FG_010
FG_010	figshare_26075713	FG_010	T1W	7T	3T	data/figshare_26075713/FG_010/FG_010_T1W_7T.nii.gz	figshare_26075713:FG_010
FG_010	figshare_26075713	FG_010	T2W	3T	7T	data/figshare_26075713/FG_010/FG_010_T2W_3T.nii.gz	figshare_26075713:FG_010
FG_010	figshare_26075713	FG_010	T2W	7T	3T	data/figshare_26075713/FG_010/FG_010_T2W_7T.nii.gz	figshare_26075713:FG_010
FG_011	figshare_26075713	FG_011	T1W	3T	7T	data/figshare_26075713/FG_011/FG_011_T1W_3T.nii.gz	figshare_26075713:FG_011
FG_011	figshare_26075713	FG_011	T1W	7T	3T	data/figshare_26075713/FG_011/FG_011_T1W_7T.nii.gz	figshare_26075713:FG_011
FG_011	figshare_26075713	FG_011	T2W	3T	7T	data/figshare_26075713/FG_011/FG_011_T2W_3T.nii.gz	figshare_26075713:FG_011
FG_011	figshare_26075713	FG_011	T2W	7T	3T	data/figshare_26075713/FG_011/FG_011_T2W_7T.nii.gz	figshare_26075713:FG_011
FG_012	figshare_26075713	FG_012	T1W	3T	7T	data/figshare_26075713/FG_012/FG_012_T1W_3T.nii.gz	figshare_26075713:FG_012
FG_012	figshare_26075713	FG_012	T1W	7T	3T	data/figshare_26075713/FG_012/FG_012_T1W_7T.nii.gz	figshare_26075713:FG_012
FG_012	figshare_26075713	FG_012	T2W	3T	7T	data/figshare_26075713/FG_012/FG_012_T2W_3T.nii.gz	figshare_26075713:FG_012
FG_012	figshare_26075713	FG_012	T2W	7T	3T	data/figshare_26075713/FG_012/FG_012_T2W_7T.nii.gz	figshare_26075713:FG_012
FG_013	figshare_26075713	FG_013	T1W	3T	7T	data/figshare_26075713/FG_013/FG_013_T1W_3T.nii.gz	figshare_26075713:FG_013
FG_013	figshare_26075713	FG_013	T1W	7T	3T	data/figshare_26075713/FG_013/FG_013_T1W_7T.nii.gz	figshare_26075713:FG_013
FG_013	figshare_26075713	FG_013	T2W	3T	7T	data/figshare_26075713/FG_013/FG_013_T2W_3T.nii.gz	figshare_26075713:FG_013
FG_013	figshare_26075713	FG_013	T2W	7T	3T	data/figshare_26075713/FG_013/FG_013_T2W_7T.nii.gz	figshare_26075713:FG_013
FG_014	figshare_26075713	FG_014	T1W	3T	7T	data/figshare_26075713/FG_014/FG_014_T1W_3T.nii.gz	figshare_26075713:FG_014
FG_014	figshare_26075713	FG_014	T1W	7T	3T	data/figshare_26075713/FG_014/FG_014_T1W_7T.nii.gz	figshare_26075713:FG_014
FG_014	figshare_26075713	FG_014	T2W	3T	7T	data/figshare_26075713/FG_014/FG_014_T2W_3T.nii.gz	figshare_26075713:FG_014
FG_014	figshare_26075713	FG_014	T2W	7T	3T	data/figshare_26075713/FG_014/FG_014_T2W_7T.nii.gz	figshare_26075713:FG_014
FG_015	figshare_26075713	FG_015	T1W	3T	7T	data/figshare_26075713/FG_015/FG_015_T1W_3T.nii.gz	figshare_26075713:FG_015
FG_015	figshare_26075713	FG_015	T1W	7T	3T	data/figshare_26075713/FG_015/FG_015_T1W_7T.nii.gz	figshare_26075713:FG_015
FG_015	figshare_26075713	FG_015	T2W	3T	7T	data/figshare_26075713/FG_015/FG_015_T2W_3T.nii.gz	figshare_26075713:FG_015
FG_015	figshare_26075713	FG_015	T2W	7T	3T	data/figshare_26075713/FG_015/FG_015_T2W_7T.nii.gz	figshare_26075713:FG_015
FG_016	figshare_26075713	FG_016	T1W	3T	7T	data/figshare_26075713/FG_016/FG_016_T1W_3T.nii.gz	figshare_26075713:FG_016
FG_016	figshare_26075713	FG_016	T1W	7T	3T	data/figshare_26075713/FG_016/FG_016_T1W_7T.nii.gz	figshare_26075713:FG_016
FG_016	figshare_26075713	FG_016	T2W	3T	7T	data/figshare_26075713/FG_016/FG_016_T2W_3T.nii.gz	figshare_26075713:FG_016
FG_016	figshare_26075713	FG_016	T2W	7T	3T	data/figshare_26075713/FG_016/FG_016_T2W_7T.nii.gz	figshare_26075713:FG_016
FG_017	figshare_26075713	FG_017	T1W	3T	7T	data/figshare_26075713/FG_017/FG_017_T1W_3T.nii.gz	figshare_26075713:FG_017
FG_017	figshare_26075713	FG_017	T1W	7T	3T	data/figshare_26075713/FG_017/FG_017_T1W_7T.nii.gz	figshare_26075713:FG_017
FG_017	figshare_26075713	FG_017	T2W	3T	7T	data/figshare_26075713/FG_017/FG_017_T2W_3T.nii.gz	figshare_26075713:FG_017
FG_017	figshare_26075713	FG_017	T2W	7T	3T	data/figshare_26075713/FG_017/FG_017_T2W_7T.nii.gz	figshare_26075713:FG_017
FG_018	figshare_26075713	FG_018	T1W	3T	7T	data/figshare_26075713/FG_018/FG_018_T1W_3T.nii.gz	figshare_26075713:FG_018
FG_018	figshare_26075713	FG_018	T1W	7T	3T	data/figshare_26075713/FG_018/FG_018_T1W_7T.nii.gz	figshare_26075713:FG_018
FG_018	figshare_26075713	FG_018	T2W	3T	7T	data/figshare_26075713/FG_018/FG_018_T2W_3T.nii.gz	figshare_26075713:FG_018
FG_018	figshare_26075713	FG_018	T2W	7T	3T	data/figshare_26075713/FG_018/FG_018_T2W_7T.nii.gz	figshare_26075713:FG_018
FG_019	figshare_26075713	FG_019	T1W	3T	7T	data/figshare_26075713/FG_019/FG_019_T1W_3T.nii.gz	figshare_26075713:FG_019
FG_019	figshare_26075713	FG_019	T1W	7T	3T	data/figshare_26075713/FG_019/FG_019_T1W_7T.nii.gz	figshare_26075713:FG_019
FG_019	figshare_26075713	FG_019	T2W	3T	7T	data/figshare_26075713/FG_019/FG_019_T2W_3T.nii.gz	figshare_26075713:FG_019
FG_019	figshare_26075713	FG_019	T2W	7T	3T	data/figshare_26075713/FG_019/FG_019_T2W_7T.nii.gz	figshare_26075713:FG_019
FG_020	figshare_26075713	FG_020	T1W	3T	7T	data/figshare_26075713/FG_020/FG_020_T1W_3T.nii.gz	figshare_26075713:FG_020
FG_020	figshare_26075713	FG_020	T1W	7T	3T	data/figshare_26075713/FG_020/FG_020_T1W_7T.nii.gz	figshare_26075713:FG_020
FG_020	figshare_26075713	FG_020	T2W	3T	7T	data/figshare_26075713/FG_020/FG_020_T2W_3T.nii.gz	figshare_26075713:FG_020
FG_020	figshare_26075713	FG_020	T2W	7T	3T	data/figshare_26075713/FG_020/FG_020_T2W_7T.nii.gz	figshare_26075713:FG_020
LS_ES1	lausanne_zenodo1438358	LS_ES1	T1W	3T	7T	data/lausanne_zenodo1438358/LS_ES1/LS_ES1_T1W_3T.nii.gz	lausanne_zenodo1438358:LS_ES1
LS_ES1	lausanne_zenodo1438358	LS_ES1	T1W	7T	3T	data/lausanne_zenodo1438358/LS_ES1/LS_ES1_T1W_7T.nii.gz	lausanne_zenodo1438358:LS_ES1
LS_ES2	lausanne_zenodo1438358	LS_ES2	T1W	3T	7T	data/lausanne_zenodo1438358/LS_ES2/LS_ES2_T1W_3T.nii.gz	lausanne_zenodo1438358:LS_ES2
LS_ES2	lausanne_zenodo1438358	LS_ES2	T1W	7T	3T	data/lausanne_zenodo1438358/LS_ES2/LS_ES2_T1W_7T.nii.gz	lausanne_zenodo1438358:LS_ES2
LS_ES3	lausanne_zenodo1438358	LS_ES3	T1W	3T	7T	data/lausanne_zenodo1438358/LS_ES3/LS_ES3_T1W_3T.nii.gz	lausanne_zenodo1438358:LS_ES3
LS_ES3	lausanne_zenodo1438358	LS_ES3	T1W	7T	3T	data/lausanne_zenodo1438358/LS_ES3/LS_ES3_T1W_7T.nii.gz	lausanne_zenodo1438358:LS_ES3
LS_ES4	lausanne_zenodo1438358	LS_ES4	T1W	3T	7T	data/lausanne_zenodo1438358/LS_ES4/LS_ES4_T1W_3T.nii.gz	lausanne_zenodo1438358:LS_ES4
LS_ES4	lausanne_zenodo1438358	LS_ES4	T1W	7T	3T	data/lausanne_zenodo1438358/LS_ES4/LS_ES4_T1W_7T.nii.gz	lausanne_zenodo1438358:LS_ES4
LS_P1	lausanne_zenodo1438358	LS_P1	T1W	3T	7T	data/lausanne_zenodo1438358/LS_P1/LS_P1_T1W_3T.nii.gz	lausanne_zenodo1438358:LS_P1
LS_P1	lausanne_zenodo1438358	LS_P1	T1W	7T	3T	data/lausanne_zenodo1438358/LS_P1/LS_P1_T1W_7T.nii.gz	lausanne_zenodo1438358:LS_P1
LS_P2	lausanne_zenodo1438358	LS_P2	T1W	3T	7T	data/lausanne_zenodo1438358/LS_P2/LS_P2_T1W_3T.nii.gz	lausanne_zenodo1438358:LS_P2
LS_P2	lausanne_zenodo1438358	LS_P2	T1W	7T	3T	data/lausanne_zenodo1438358/LS_P2/LS_P2_T1W_7T.nii.gz	lausanne_zenodo1438358:LS_P2
LS_YS1	lausanne_zenodo1438358	LS_YS1	T1W	3T	7T	data/lausanne_zenodo1438358/LS_YS1/LS_YS1_T1W_3T.nii.gz	lausanne_zenodo1438358:LS_YS1
LS_YS1	lausanne_zenodo1438358	LS_YS1	T1W	7T	3T	data/lausanne_zenodo1438358/LS_YS1/LS_YS1_T1W_7T.nii.gz	lausanne_zenodo1438358:LS_YS1
LS_YS2	lausanne_zenodo1438358	LS_YS2	T1W	3T	7T	data/lausanne_zenodo1438358/LS_YS2/LS_YS2_T1W_3T.nii.gz	lausanne_zenodo1438358:LS_YS2
LS_YS2	lausanne_zenodo1438358	LS_YS2	T1W	7T	3T	data/lausanne_zenodo1438358/LS_YS2/LS_YS2_T1W_7T.nii.gz	lausanne_zenodo1438358:LS_YS2
LS_YS4	lausanne_zenodo1438358	LS_YS4	T1W	3T	7T	data/lausanne_zenodo1438358/LS_YS4/LS_YS4_T1W_3T.nii.gz	lausanne_zenodo1438358:LS_YS4
LS_YS4	lausanne_zenodo1438358	LS_YS4	T1W	7T	3T	data/lausanne_zenodo1438358/LS_YS4/LS_YS4_T1W_7T.nii.gz	lausanne_zenodo1438358:LS_YS4
LS_YS5	lausanne_zenodo1438358	LS_YS5	T1W	3T	7T	data/lausanne_zenodo1438358/LS_YS5/LS_YS5_T1W_3T.nii.gz	lausanne_zenodo1438358:LS_YS5
LS_YS5	lausanne_zenodo1438358	LS_YS5	T1W	7T	3T	data/lausanne_zenodo1438358/LS_YS5/LS_YS5_T1W_7T.nii.gz	lausanne_zenodo1438358:LS_YS5
ON_sub-HYPE00	openneuro_hfc	ON_sub-HYPE00	T1W	3T	64mT	data/openneuro_hfc/ON_sub-HYPE00/ON_sub-HYPE00_T1W_3T.nii.gz	openneuro_hfc:ON_sub-HYPE00
ON_sub-HYPE00	openneuro_hfc	ON_sub-HYPE00	T1W	64mT	3T	data/openneuro_hfc/ON_sub-HYPE00/ON_sub-HYPE00_T1W_64mT.nii.gz	openneuro_hfc:ON_sub-HYPE00
ON_sub-HYPE00	openneuro_hfc	ON_sub-HYPE00	T2W	3T	64mT	data/openneuro_hfc/ON_sub-HYPE00/ON_sub-HYPE00_T2W_3T.nii.gz	openneuro_hfc:ON_sub-HYPE00
ON_sub-HYPE00	openneuro_hfc	ON_sub-HYPE00	T2W	64mT	3T	data/openneuro_hfc/ON_sub-HYPE00/ON_sub-HYPE00_T2W_64mT.nii.gz	openneuro_hfc:ON_sub-HYPE00
ON_sub-HYPE01	openneuro_hfc	ON_sub-HYPE01	T1W	3T	64mT	data/openneuro_hfc/ON_sub-HYPE01/ON_sub-HYPE01_T1W_3T.nii.gz	openneuro_hfc:ON_sub-HYPE01
ON_sub-HYPE01	openneuro_hfc	ON_sub-HYPE01	T1W	64mT	3T	data/openneuro_hfc/ON_sub-HYPE01/ON_sub-HYPE01_T1W_64mT.nii.gz	openneuro_hfc:ON_sub-HYPE01
ON_sub-HYPE01	openneuro_hfc	ON_sub-HYPE01	T2W	3T	64mT	data/openneuro_hfc/ON_sub-HYPE01/ON_sub-HYPE01_T2W_3T.nii.gz	openneuro_hfc:ON_sub-HYPE01
ON_sub-HYPE01	openneuro_hfc	ON_sub-HYPE01	T2W	64mT	3T	data/openneuro_hfc/ON_sub-HYPE01/ON_sub-HYPE01_T2W_64mT.nii.gz	openneuro_hfc:ON_sub-HYPE01
ON_sub-HYPE02	openneuro_hfc	ON_sub-HYPE02	T1W	3T	64mT	data/openneuro_hfc/ON_sub-HYPE02/ON_sub-HYPE02_T1W_3T.nii.gz	openneuro_hfc:ON_sub-HYPE02
ON_sub-HYPE02	openneuro_hfc	ON_sub-HYPE02	T1W	64mT	3T	data/openneuro_hfc/ON_sub-HYPE02/ON_sub-HYPE02_T1W_64mT.nii.gz	openneuro_hfc:ON_sub-HYPE02
ON_sub-HYPE02	openneuro_hfc	ON_sub-HYPE02	T2W	3T	64mT	data/openneuro_hfc/ON_sub-HYPE02/ON_sub-HYPE02_T2W_3T.nii.gz	openneuro_hfc:ON_sub-HYPE02
ON_sub-HYPE02	openneuro_hfc	ON_sub-HYPE02	T2W	64mT	3T	data/openneuro_hfc/ON_sub-HYPE02/ON_sub-HYPE02_T2W_64mT.nii.gz	openneuro_hfc:ON_sub-HYPE02
ON_sub-HYPE03	openneuro_hfc	ON_sub-HYPE03	T1W	3T	64mT	data/openneuro_hfc/ON_sub-HYPE03/ON_sub-HYPE03_T1W_3T.nii.gz	openneuro_hfc:ON_sub-HYPE03
ON_sub-HYPE03	openneuro_hfc	ON_sub-HYPE03	T1W	64mT	3T	data/openneuro_hfc/ON_sub-HYPE03/ON_sub-HYPE03_T1W_64mT.nii.gz	openneuro_hfc:ON_sub-HYPE03
ON_sub-HYPE03	openneuro_hfc	ON_sub-HYPE03	T2W	3T	64mT	data/openneuro_hfc/ON_sub-HYPE03/ON_sub-HYPE03_T2W_3T.nii.gz	openneuro_hfc:ON_sub-HYPE03
ON_sub-HYPE03	openneuro_hfc	ON_sub-HYPE03	T2W	64mT	3T	data/openneuro_hfc/ON_sub-HYPE03/ON_sub-HYPE03_T2W_64mT.nii.gz	openneuro_hfc:ON_sub-HYPE03
ON_sub-HYPE04	openneuro_hfc	ON_sub-HYPE04	T1W	3T	64mT	data/openneuro_hfc/ON_sub-HYPE04/ON_sub-HYPE04_T1W_3T.nii.gz	openneuro_hfc:ON_sub-HYPE04
ON_sub-HYPE04	openneuro_hfc	ON_sub-HYPE04	T1W	64mT	3T	data/openneuro_hfc/ON_sub-HYPE04/ON_sub-HYPE04_T1W_64mT.nii.gz	openneuro_hfc:ON_sub-HYPE04
ON_sub-HYPE04	openneuro_hfc	ON_sub-HYPE04	T2W	3T	64mT	data/openneuro_hfc/ON_sub-HYPE04/ON_sub-HYPE04_T2W_3T.nii.gz	openneuro_hfc:ON_sub-HYPE04
ON_sub-HYPE04	openneuro_hfc	ON_sub-HYPE04	T2W	64mT	3T	data/openneuro_hfc/ON_sub-HYPE04/ON_sub-HYPE04_T2W_64mT.nii.gz	openneuro_hfc:ON_sub-HYPE04
ON_sub-HYPE05	openneuro_hfc	ON_sub-HYPE05	T1W	3T	64mT	data/openneuro_hfc/ON_sub-HYPE05/ON_sub-HYPE05_T1W_3T.nii.gz	openneuro_hfc:ON_sub-HYPE05
ON_sub-HYPE05	openneuro_hfc	ON_sub-HYPE05	T1W	64mT	3T	data/openneuro_hfc/ON_sub-HYPE05/ON_sub-HYPE05_T1W_64mT.nii.gz	openneuro_hfc:ON_sub-HYPE05
ON_sub-HYPE05	openneuro_hfc	ON_sub-HYPE05	T2W	3T	64mT	data/openneuro_hfc/ON_sub-HYPE05/ON_sub-HYPE05_T2W_3T.nii.gz	openneuro_hfc:ON_sub-HYPE05
ON_sub-HYPE05	openneuro_hfc	ON_sub-HYPE05	T2W	64mT	3T	data/openneuro_hfc/ON_sub-HYPE05/ON_sub-HYPE05_T2W_64mT.nii.gz	openneuro_hfc:ON_sub-HYPE05
ON_sub-HYPE06	openneuro_hfc	ON_sub-HYPE06	T1W	3T	64mT	data/openneuro_hfc/ON_sub-HYPE06/ON_sub-HYPE06_T1W_3T.nii.gz	openneuro_hfc:ON_sub-HYPE06
ON_sub-HYPE06	openneuro_hfc	ON_sub-HYPE06	T1W	64mT	3T	data/openneuro_hfc/ON_sub-HYPE06/ON_sub-HYPE06_T1W_64mT.nii.gz	openneuro_hfc:ON_sub-HYPE06
ON_sub-HYPE06	openneuro_hfc	ON_sub-HYPE06	T2W	3T	64mT	data/openneuro_hfc/ON_sub-HYPE06/ON_sub-HYPE06_T2W_3T.nii.gz	openneuro_hfc:ON_sub-HYPE06
ON_sub-HYPE06	openneuro_hfc	ON_sub-HYPE06	T2W	64mT	3T	data/openneuro_hfc/ON_sub-HYPE06/ON_sub-HYPE06_T2W_64mT.nii.gz	openneuro_hfc:ON_sub-HYPE06
ON_sub-HYPE07	openneuro_hfc	ON_sub-HYPE07	T1W	3T	64mT	data/openneuro_hfc/ON_sub-HYPE07/ON_sub-HYPE07_T1W_3T.nii.gz	openneuro_hfc:ON_sub-HYPE07
ON_sub-HYPE07	openneuro_hfc	ON_sub-HYPE07	T1W	64mT	3T	data/openneuro_hfc/ON_sub-HYPE07/ON_sub-HYPE07_T1W_64mT.nii.gz	openneuro_hfc:ON_sub-HYPE07
ON_sub-HYPE07	openneuro_hfc	ON_sub-HYPE07	T2W	3T	64mT	data/openneuro_hfc/ON_sub-HYPE07/ON_sub-HYPE07_T2W_3T.nii.gz	openneuro_hfc:ON_sub-HYPE07
ON_sub-HYPE07	openneuro_hfc	ON_sub-HYPE07	T2W	64mT	3T	data/openneuro_hfc/ON_sub-HYPE07/ON_sub-HYPE07_T2W_64mT.nii.gz	openneuro_hfc:ON_sub-HYPE07
ON_sub-HYPE08	openneuro_hfc	ON_sub-HYPE08	T1W	3T	64mT	data/openneuro_hfc/ON_sub-HYPE08/ON_sub-HYPE08_T1W_3T.nii.gz	openneuro_hfc:ON_sub-HYPE08
ON_sub-HYPE08	openneuro_hfc	ON_sub-HYPE08	T1W	64mT	3T	data/openneuro_hfc/ON_sub-HYPE08/ON_sub-HYPE08_T1W_64mT.nii.gz	openneuro_hfc:ON_sub-HYPE08
ON_sub-HYPE08	openneuro_hfc	ON_sub-HYPE08	T2W	3T	64mT	data/openneuro_hfc/ON_sub-HYPE08/ON_sub-HYPE08_T2W_3T.nii.gz	openneuro_hfc:ON_sub-HYPE08
ON_sub-HYPE08	openneuro_hfc	ON_sub-HYPE08	T2W	64mT	3T	data/openneuro_hfc/ON_sub-HYPE08/ON_sub-HYPE08_T2W_64mT.nii.gz	openneuro_hfc:ON_sub-HYPE08
ON_sub-HYPE09	openneuro_hfc	ON_sub-HYPE09	T1W	3T	64mT	data/openneuro_hfc/ON_sub-HYPE09/ON_sub-HYPE09_T1W_3T.nii.gz	openneuro_hfc:ON_sub-HYPE09
ON_sub-HYPE09	openneuro_hfc	ON_sub-HYPE09	T1W	64mT	3T	data/openneuro_hfc/ON_sub-HYPE09/ON_sub-HYPE09_T1W_64mT.nii.gz	openneuro_hfc:ON_sub-HYPE09
ON_sub-HYPE09	openneuro_hfc	ON_sub-HYPE09	T2W	3T	64mT	data/openneuro_hfc/ON_sub-HYPE09/ON_sub-HYPE09_T2W_3T.nii.gz	openneuro_hfc:ON_sub-HYPE09
ON_sub-HYPE09	openneuro_hfc	ON_sub-HYPE09	T2W	64mT	3T	data/openneuro_hfc/ON_sub-HYPE09/ON_sub-HYPE09_T2W_64mT.nii.gz	openneuro_hfc:ON_sub-HYPE09
ON_sub-HYPE10	openneuro_hfc	ON_sub-HYPE10	T1W	3T	64mT	data/openneuro_hfc/ON_sub-HYPE10/ON_sub-HYPE10_T1W_3T.nii.gz	openneuro_hfc:ON_sub-HYPE10
ON_sub-HYPE10	openneuro_hfc	ON_sub-HYPE10	T1W	64mT	3T	data/openneuro_hfc/ON_sub-HYPE10/ON_sub-HYPE10_T1W_64mT.nii.gz	openneuro_hfc:ON_sub-HYPE10
ON_sub-HYPE10	openneuro_hfc	ON_sub-HYPE10	T2W	3T	64mT	data/openneuro_hfc/ON_sub-HYPE10/ON_sub-HYPE10_T2W_3T.nii.gz	openneuro_hfc:ON_sub-HYPE10
ON_sub-HYPE10	openneuro_hfc	ON_sub-HYPE10	T2W	64mT	3T	data/openneuro_hfc/ON_sub-HYPE10/ON_sub-HYPE10_T2W_64mT.nii.gz	openneuro_hfc:ON_sub-HYPE10
ON_sub-HYPE11	openneuro_hfc	ON_sub-HYPE11	T1W	3T	64mT	data/openneuro_hfc/ON_sub-HYPE11/ON_sub-HYPE11_T1W_3T.nii.gz	openneuro_hfc:ON_sub-HYPE11
ON_sub-HYPE11	openneuro_hfc	ON_sub-HYPE11	T1W	64mT	3T	data/openneuro_hfc/ON_sub-HYPE11/ON_sub-HYPE11_T1W_64mT.nii.gz	openneuro_hfc:ON_sub-HYPE11
ON_sub-HYPE11	openneuro_hfc	ON_sub-HYPE11	T2W	3T	64mT	data/openneuro_hfc/ON_sub-HYPE11/ON_sub-HYPE11_T2W_3T.nii.gz	openneuro_hfc:ON_sub-HYPE11
ON_sub-HYPE11	openneuro_hfc	ON_sub-HYPE11	T2W	64mT	3T	data/openneuro_hfc/ON_sub-HYPE11/ON_sub-HYPE11_T2W_64mT.nii.gz	openneuro_hfc:ON_sub-HYPE11
ON_sub-HYPE12	openneuro_hfc	ON_sub-HYPE12	T1W	3T	64mT	data/openneuro_hfc/ON_sub-HYPE12/ON_sub-HYPE12_T1W_3T.nii.gz	openneuro_hfc:ON_sub-HYPE12
ON_sub-HYPE12	openneuro_hfc	ON_sub-HYPE12	T1W	64mT	3T	data/openneuro_hfc/ON_sub-HYPE12/ON_sub-HYPE12_T1W_64mT.nii.gz	openneuro_hfc:ON_sub-HYPE12
ON_sub-HYPE12	openneuro_hfc	ON_sub-HYPE12	T2W	3T	64mT	data/openneuro_hfc/ON_sub-HYPE12/ON_sub-HYPE12_T2W_3T.nii.gz	openneuro_hfc:ON_sub-HYPE12
ON_sub-HYPE12	openneuro_hfc	ON_sub-HYPE12	T2W	64mT	3T	data/openneuro_hfc/ON_sub-HYPE12/ON_sub-HYPE12_T2W_64mT.nii.gz	openneuro_hfc:ON_sub-HYPE12
ON_sub-HYPE13	openneuro_hfc	ON_sub-HYPE13	T1W	3T	64mT	data/openneuro_hfc/ON_sub-HYPE13/ON_sub-HYPE13_T1W_3T.nii.gz	openneuro_hfc:ON_sub-HYPE13
ON_sub-HYPE13	openneuro_hfc	ON_sub-HYPE13	T1W	64mT	3T	data/openneuro_hfc/ON_sub-HYPE13/ON_sub-HYPE13_T1W_64mT.nii.gz	openneuro_hfc:ON_sub-HYPE13
ON_sub-HYPE13	openneuro_hfc	ON_sub-HYPE13	T2W	3T	64mT	data/openneuro_hfc/ON_sub-HYPE13/ON_sub-HYPE13_T2W_3T.nii.gz	openneuro_hfc:ON_sub-HYPE13
ON_sub-HYPE13	openneuro_hfc	ON_sub-HYPE13	T2W	64mT	3T	data/openneuro_hfc/ON_sub-HYPE13/ON_sub-HYPE13_T2W_64mT.nii.gz	openneuro_hfc:ON_sub-HYPE13
ON_sub-HYPE14	openneuro_hfc	ON_sub-HYPE14	T1W	3T	64mT	data/openneuro_hfc/ON_sub-HYPE14/ON_sub-HYPE14_T1W_3T.nii.gz	openneuro_hfc:ON_sub-HYPE14
ON_sub-HYPE14	openneuro_hfc	ON_sub-HYPE14	T1W	64mT	3T	data/openneuro_hfc/ON_sub-HYPE14/ON_sub-HYPE14_T1W_64mT.nii.gz	openneuro_hfc:ON_sub-HYPE14
ON_sub-HYPE14	openneuro_hfc	ON_sub-HYPE14	T2W	3T	64mT	data/openneuro_hfc/ON_sub-HYPE14/ON_sub-HYPE14_T2W_3T.nii.gz	openneuro_hfc:ON_sub-HYPE14
ON_sub-HYPE14	openneuro_hfc	ON_sub-HYPE14	T2W	64mT	3T	data/openneuro_hfc/ON_sub-HYPE14/ON_sub-HYPE14_T2W_64mT.nii.gz	openneuro_hfc:ON_sub-HYPE14
ON_sub-HYPE15	openneuro_hfc	ON_sub-HYPE15	T1W	3T	64mT	data/openneuro_hfc/ON_sub-HYPE15/ON_sub-HYPE15_T1W_3T.nii.gz	openneuro_hfc:ON_sub-HYPE15
ON_sub-HYPE15	openneuro_hfc	ON_sub-HYPE15	T1W	64mT	3T	data/openneuro_hfc/ON_sub-HYPE15/ON_sub-HYPE15_T1W_64mT.nii.gz	openneuro_hfc:ON_sub-HYPE15
ON_sub-HYPE15	openneuro_hfc	ON_sub-HYPE15	T2W	3T	64mT	data/openneuro_hfc/ON_sub-HYPE15/ON_sub-HYPE15_T2W_3T.nii.gz	openneuro_hfc:ON_sub-HYPE15
ON_sub-HYPE15	openneuro_hfc	ON_sub-HYPE15	T2W	64mT	3T	data/openneuro_hfc/ON_sub-HYPE15/ON_sub-HYPE15_T2W_64mT.nii.gz	openneuro_hfc:ON_sub-HYPE15
ON_sub-HYPE16	openneuro_hfc	ON_sub-HYPE16	T1W	3T	64mT	data/openneuro_hfc/ON_sub-HYPE16/ON_sub-HYPE16_T1W_3T.nii.gz	openneuro_hfc:ON_sub-HYPE16
ON_sub-HYPE16	openneuro_hfc	ON_sub-HYPE16	T1W	64mT	3T	data/openneuro_hfc/ON_sub-HYPE16/ON_sub-HYPE16_T1W_64mT.nii.gz	openneuro_hfc:ON_sub-HYPE16
ON_sub-HYPE16	openneuro_hfc	ON_sub-HYPE16	T2W	3T	64mT	data/openneuro_hfc/ON_sub-HYPE16/ON_sub-HYPE16_T2W_3T.nii.gz	openneuro_hfc:ON_sub-HYPE16
ON_sub-HYPE16	openneuro_hfc	ON_sub-HYPE16	T2W	64mT	3T	data/openneuro_hfc/ON_sub-HYPE16/ON_sub-HYPE16_T2W_64mT.nii.gz	openneuro_hfc:ON_sub-HYPE16
ON_sub-HYPE17	openneuro_hfc	ON_sub-HYPE17	T1W	3T	64mT	data/openneuro_hfc/ON_sub-HYPE17/ON_sub-HYPE17_T1W_3T.nii.gz	openneuro_hfc:ON_sub-HYPE17
ON_sub-HYPE17	openneuro_hfc	ON_sub-HYPE17	T1W	64mT	3T	data/openneuro_hfc/ON_sub-HYPE17/ON_sub-HYPE17_T1W_64mT.nii.gz	openneuro_hfc:ON_sub-HYPE17
ON_sub-HYPE17	openneuro_hfc	ON_sub-HYPE17	T2W	3T	64mT	data/openneuro_hfc/ON_sub-HYPE17/ON_sub-HYPE17_T2W_3T.nii.gz	openneuro_hfc:ON_sub-HYPE17
ON_sub-HYPE17	openneuro_hfc	ON_sub-HYPE17	T2W	64mT	3T	data/openneuro_hfc/ON_sub-HYPE17/ON_sub-HYPE17_T2W_64mT.nii.gz	openneuro_hfc:ON_sub-HYPE17
ON_sub-HYPE18	openneuro_hfc	ON_sub-HYPE18	T1W	3T	64mT	data/openneuro_hfc/ON_sub-HYPE18/ON_sub-HYPE18_T1W_3T.nii.gz	openneuro_hfc:ON_sub-HYPE18
ON_sub-HYPE18	openneuro_hfc	ON_sub-HYPE18	T1W	64mT	3T	data/openneuro_hfc/ON_sub-HYPE18/ON_sub-HYPE18_T1W_64mT.nii.gz	openneuro_hfc:ON_sub-HYPE18
ON_sub-HYPE18	openneuro_hfc	ON_sub-HYPE18	T2W	3T	64mT	data/openneuro_hfc/ON_sub-HYPE18/ON_sub-HYPE18_T2W_3T.nii.gz	openneuro_hfc:ON_sub-HYPE18
ON_sub-HYPE18	openneuro_hfc	ON_sub-HYPE18	T2W	64mT	3T	data/openneuro_hfc/ON_sub-HYPE18/ON_sub-HYPE18_T2W_64mT.nii.gz	openneuro_hfc:ON_sub-HYPE18
ON_sub-HYPE19	openneuro_hfc	ON_sub-HYPE19	T1W	3T	64mT	data/openneuro_hfc/ON_sub-HYPE19/ON_sub-HYPE19_T1W_3T.nii.gz	openneuro_hfc:ON_sub-HYPE19
ON_sub-HYPE19	openneuro_hfc	ON_sub-HYPE19	T1W	64mT	3T	data/openneuro_hfc/ON_sub-HYPE19/ON_sub-HYPE19_T1W_64mT.nii.gz	openneuro_hfc:ON_sub-HYPE19
ON_sub-HYPE19	openneuro_hfc	ON_sub-HYPE19	T2W	3T	64mT	data/openneuro_hfc/ON_sub-HYPE19/ON_sub-HYPE19_T2W_3T.nii.gz	openneuro_hfc:ON_sub-HYPE19
ON_sub-HYPE19	openneuro_hfc	ON_sub-HYPE19	T2W	64mT	3T	data/openneuro_hfc/ON_sub-HYPE19/ON_sub-HYPE19_T2W_64mT.nii.gz	openneuro_hfc:ON_sub-HYPE19
ON_sub-HYPE20	openneuro_hfc	ON_sub-HYPE20	T1W	3T	64mT	data/openneuro_hfc/ON_sub-HYPE20/ON_sub-HYPE20_T1W_3T.nii.gz	openneuro_hfc:ON_sub-HYPE20
ON_sub-HYPE20	openneuro_hfc	ON_sub-HYPE20	T1W	64mT	3T	data/openneuro_hfc/ON_sub-HYPE20/ON_sub-HYPE20_T1W_64mT.nii.gz	openneuro_hfc:ON_sub-HYPE20
ON_sub-HYPE20	openneuro_hfc	ON_sub-HYPE20	T2W	3T	64mT	data/openneuro_hfc/ON_sub-HYPE20/ON_sub-HYPE20_T2W_3T.nii.gz	openneuro_hfc:ON_sub-HYPE20
ON_sub-HYPE20	openneuro_hfc	ON_sub-HYPE20	T2W	64mT	3T	data/openneuro_hfc/ON_sub-HYPE20/ON_sub-HYPE20_T2W_64mT.nii.gz	openneuro_hfc:ON_sub-HYPE20
ON_sub-HYPE21	openneuro_hfc	ON_sub-HYPE21	T1W	3T	64mT	data/openneuro_hfc/ON_sub-HYPE21/ON_sub-HYPE21_T1W_3T.nii.gz	openneuro_hfc:ON_sub-HYPE21
ON_sub-HYPE21	openneuro_hfc	ON_sub-HYPE21	T1W	64mT	3T	data/openneuro_hfc/ON_sub-HYPE21/ON_sub-HYPE21_T1W_64mT.nii.gz	openneuro_hfc:ON_sub-HYPE21
ON_sub-HYPE21	openneuro_hfc	ON_sub-HYPE21	T2W	3T	64mT	data/openneuro_hfc/ON_sub-HYPE21/ON_sub-HYPE21_T2W_3T.nii.gz	openneuro_hfc:ON_sub-HYPE21
ON_sub-HYPE21	openneuro_hfc	ON_sub-HYPE21	T2W	64mT	3T	data/openneuro_hfc/ON_sub-HYPE21/ON_sub-HYPE21_T2W_64mT.nii.gz	openneuro_hfc:ON_sub-HYPE21
ON_sub-HYPE22	openneuro_hfc	ON_sub-HYPE22	T1W	3T	64mT	data/openneuro_hfc/ON_sub-HYPE22/ON_sub-HYPE22_T1W_3T.nii.gz	openneuro_hfc:ON_sub-HYPE22
ON_sub-HYPE22	openneuro_hfc	ON_sub-HYPE22	T1W	64mT	3T	data/openneuro_hfc/ON_sub-HYPE22/ON_sub-HYPE22_T1W_64mT.nii.gz	openneuro_hfc:ON_sub-HYPE22
ON_sub-HYPE22	openneuro_hfc	ON_sub-HYPE22	T2W	3T	64mT	data/openneuro_hfc/ON_sub-HYPE22/ON_sub-HYPE22_T2W_3T.nii.gz	openneuro_hfc:ON_sub-HYPE22
ON_sub-HYPE22	openneuro_hfc	ON_sub-HYPE22	T2W	64mT	3T	data/openneuro_hfc/ON_sub-HYPE22/ON_sub-HYPE22_T2W_64mT.nii.gz	openneuro_hfc:ON_sub-HYPE22
O_2001	osf	O_2001	T1W	3T	7T	data/osf/O_2001/O_2001_T1W_3T.nii.gz	osf:O_2001
O_2001	osf	O_2001	T1W	7T	3T	data/osf/O_2001/O_2001_T1W_7T.nii.gz	osf:O_2001
O_2002	osf	O_2002	T1W	3T	7T	data/osf/O_2002/O_2002_T1W_3T.nii.gz	osf:O_2002
O_2002	osf	O_2002	T1W	7T	3T	data/osf/O_2002/O_2002_T1W_7T.nii.gz	osf:O_2002
O_2003	osf	O_2003	T1W	3T	7T	data/osf/O_2003/O_2003_T1W_3T.nii.gz	osf:O_2003
O_2003	osf	O_2003	T1W	7T	3T	data/osf/O_2003/O_2003_T1W_7T.nii.gz	osf:O_2003
O_2004	osf	O_2004	T1W	3T	7T	data/osf/O_2004/O_2004_T1W_3T.nii.gz	osf:O_2004
O_2004	osf	O_2004	T1W	7T	3T	data/osf/O_2004/O_2004_T1W_7T.nii.gz	osf:O_2004
O_2005	osf	O_2005	T1W	3T	7T	data/osf/O_2005/O_2005_T1W_3T.nii.gz	osf:O_2005
O_2005	osf	O_2005	T1W	7T	3T	data/osf/O_2005/O_2005_T1W_7T.nii.gz	osf:O_2005
O_2006	osf	O_2006	T1W	3T	7T	data/osf/O_2006/O_2006_T1W_3T.nii.gz	osf:O_2006
O_2006	osf	O_2006	T1W	7T	3T	data/osf/O_2006/O_2006_T1W_7T.nii.gz	osf:O_2006
O_2007	osf	O_2007	T1W	3T	7T	data/osf/O_2007/O_2007_T1W_3T.nii.gz	osf:O_2007
O_2007	osf	O_2007	T1W	7T	3T	data/osf/O_2007/O_2007_T1W_7T.nii.gz	osf:O_2007
O_2008	osf	O_2008	T1W	3T	7T	data/osf/O_2008/O_2008_T1W_3T.nii.gz	osf:O_2008
O_2008	osf	O_2008	T1W	7T	3T	data/osf/O_2008/O_2008_T1W_7T.nii.gz	osf:O_2008
O_2009	osf	O_2009	T1W	3T	7T	data/osf/O_2009/O_2009_T1W_3T.nii.gz	osf:O_2009
O_2009	osf	O_2009	T1W	7T	3T	data/osf/O_2009/O_2009_T1W_7T.nii.gz	osf:O_2009
O_2010	osf	O_2010	T1W	3T	7T	data/osf/O_2010/O_2010_T1W_3T.nii.gz	osf:O_2010
O_2010	osf	O_2010	T1W	7T	3T	data/osf/O_2010/O_2010_T1W_7T.nii.gz	osf:O_2010
PN_001	penn	PN_001	T1W	3T	7T	data/penn/PN_001/PN_001_T1W_3T.nii.gz	penn:PN_001
PN_001	penn	PN_001	T1W	7T	3T	data/penn/PN_001/PN_001_T1W_7T.nii.gz	penn:PN_001
PN_002	penn	PN_002	T1W	3T	7T	data/penn/PN_002/PN_002_T1W_3T.nii.gz	penn:PN_002
PN_002	penn	PN_002	T1W	7T	3T	data/penn/PN_002/PN_002_T1W_7T.nii.gz	penn:PN_002
PN_003	penn	PN_003	T1W	3T	7T	data/penn/PN_003/PN_003_T1W_3T.nii.gz	penn:PN_003
PN_003	penn	PN_003	T1W	7T	3T	data/penn/PN_003/PN_003_T1W_7T.nii.gz	penn:PN_003
PN_003	penn	PN_003	T2W	3T	7T	data/penn/PN_003/PN_003_T2W_3T.nii.gz	penn:PN_003
PN_003	penn	PN_003	T2W	7T	3T	data/penn/PN_003/PN_003_T2W_7T.nii.gz	penn:PN_003
PN_004	penn	PN_004	T1W	3T	7T	data/penn/PN_004/PN_004_T1W_3T.nii.gz	penn:PN_004
PN_004	penn	PN_004	T1W	7T	3T	data/penn/PN_004/PN_004_T1W_7T.nii.gz	penn:PN_004
PN_004	penn	PN_004	T2W	3T	7T	data/penn/PN_004/PN_004_T2W_3T.nii.gz	penn:PN_004
PN_004	penn	PN_004	T2W	7T	3T	data/penn/PN_004/PN_004_T2W_7T.nii.gz	penn:PN_004
PN_005	penn	PN_005	T1W	3T	7T	data/penn/PN_005/PN_005_T1W_3T.nii.gz	penn:PN_005
PN_005	penn	PN_005	T1W	7T	3T	data/penn/PN_005/PN_005_T1W_7T.nii.gz	penn:PN_005
PN_005	penn	PN_005	T2W	3T	7T	data/penn/PN_005/PN_005_T2W_3T.nii.gz	penn:PN_005
PN_005	penn	PN_005	T2W	7T	3T	data/penn/PN_005/PN_005_T2W_7T.nii.gz	penn:PN_005
PN_006	penn	PN_006	T1W	3T	7T	data/penn/PN_006/PN_006_T1W_3T.nii.gz	penn:PN_006
PN_006	penn	PN_006	T1W	7T	3T	data/penn/PN_006/PN_006_T1W_7T.nii.gz	penn:PN_006
PN_006	penn	PN_006	T2W	3T	7T	data/penn/PN_006/PN_006_T2W_3T.nii.gz	penn:PN_006
PN_006	penn	PN_006	T2W	7T	3T	data/penn/PN_006/PN_006_T2W_7T.nii.gz	penn:PN_006
PN_007	penn	PN_007	T1W	3T	7T	data/penn/PN_007/PN_007_T1W_3T.nii.gz	penn:PN_007
PN_007	penn	PN_007	T1W	7T	3T	data/penn/PN_007/PN_007_T1W_7T.nii.gz	penn:PN_007
PN_007	penn	PN_007	T2W	3T	7T	data/penn/PN_007/PN_007_T2W_3T.nii.gz	penn:PN_007
PN_007	penn	PN_007	T2W	7T	3T	data/penn/PN_007/PN_007_T2W_7T.nii.gz	penn:PN_007
PN_008	penn	PN_008	T1W	3T	7T	data/penn/PN_008/PN_008_T1W_3T.nii.gz	penn:PN_008
PN_008	penn	PN_008	T1W	7T	3T	data/penn/PN_008/PN_008_T1W_7T.nii.gz	penn:PN_008
PN_008	penn	PN_008	T2W	3T	7T	data/penn/PN_008/PN_008_T2W_3T.nii.gz	penn:PN_008
PN_008	penn	PN_008	T2W	7T	3T	data/penn/PN_008/PN_008_T2W_7T.nii.gz	penn:PN_008
PN_009	penn	PN_009	T1W	3T	7T	data/penn/PN_009/PN_009_T1W_3T.nii.gz	penn:PN_009
PN_009	penn	PN_009	T1W	7T	3T	data/penn/PN_009/PN_009_T1W_7T.nii.gz	penn:PN_009
PN_009	penn	PN_009	T2W	3T	7T	data/penn/PN_009/PN_009_T2W_3T.nii.gz	penn:PN_009
PN_009	penn	PN_009	T2W	7T	3T	data/penn/PN_009/PN_009_T2W_7T.nii.gz	penn:PN_009
PN_010	penn	PN_010	T1W	3T	7T	data/penn/PN_010/PN_010_T1W_3T.nii.gz	penn:PN_010
PN_010	penn	PN_010	T1W	7T	3T	data/penn/PN_010/PN_010_T1W_7T.nii.gz	penn:PN_010
PN_010	penn	PN_010	T2W	3T	7T	data/penn/PN_010/PN_010_T2W_3T.nii.gz	penn:PN_010
PN_010	penn	PN_010	T2W	7T	3T	data/penn/PN_010/PN_010_T2W_7T.nii.gz	penn:PN_010
PN_011	penn	PN_011	T1W	3T	7T	data/penn/PN_011/PN_011_T1W_3T.nii.gz	penn:PN_011
PN_011	penn	PN_011	T1W	7T	3T	data/penn/PN_011/PN_011_T1W_7T.nii.gz	penn:PN_011
PN_012	penn	PN_012	T1W	3T	7T	data/penn/PN_012/PN_012_T1W_3T.nii.gz	penn:PN_012
PN_012	penn	PN_012	T1W	7T	3T	data/penn/PN_012/PN_012_T1W_7T.nii.gz	penn:PN_012
PN_012	penn	PN_012	T2W	3T	7T	data/penn/PN_012/PN_012_T2W_3T.nii.gz	penn:PN_012
PN_012	penn	PN_012	T2W	7T	3T	data/penn/PN_012/PN_012_T2W_7T.nii.gz	penn:PN_012
PN_013	penn	PN_013	T1W	3T	7T	data/penn/PN_013/PN_013_T1W_3T.nii.gz	penn:PN_013
PN_013	penn	PN_013	T1W	7T	3T	data/penn/PN_013/PN_013_T1W_7T.nii.gz	penn:PN_013
PN_013	penn	PN_013	T2W	3T	7T	data/penn/PN_013/PN_013_T2W_3T.nii.gz	penn:PN_013
PN_013	penn	PN_013	T2W	7T	3T	data/penn/PN_013/PN_013_T2W_7T.nii.gz	penn:PN_013
PN_014	penn	PN_014	T1W	3T	7T	data/penn/PN_014/PN_014_T1W_3T.nii.gz	penn:PN_014
PN_014	penn	PN_014	T1W	7T	3T	data/penn/PN_014/PN_014_T1W_7T.nii.gz	penn:PN_014
PN_014	penn	PN_014	T2W	3T	7T	data/penn/PN_014/PN_014_T2W_3T.nii.gz	penn:PN_014
PN_014	penn	PN_014	T2W	7T	3T	data/penn/PN_014/PN_014_T2W_7T.nii.gz	penn:PN_014
PN_015	penn	PN_015	T1W	3T	7T	data/penn/PN_015/PN_015_T1W_3T.nii.gz	penn:PN_015
PN_015	penn	PN_015	T1W	7T	3T	data/penn/PN_015/PN_015_T1W_7T.nii.gz	penn:PN_015
PN_015	penn	PN_015	T2W	3T	7T	data/penn/PN_015/PN_015_T2W_3T.nii.gz	penn:PN_015
PN_015	penn	PN_015	T2W	7T	3T	data/penn/PN_015/PN_015_T2W_7T.nii.gz	penn:PN_015
PN_016	penn	PN_016	T1W	3T	7T	data/penn/PN_016/PN_016_T1W_3T.nii.gz	penn:PN_016
PN_016	penn	PN_016	T1W	7T	3T	data/penn/PN_016/PN_016_T1W_7T.nii.gz	penn:PN_016
PN_017	penn	PN_017	T1W	3T	7T	data/penn/PN_017/PN_017_T1W_3T.nii.gz	penn:PN_017
PN_017	penn	PN_017	T1W	7T	3T	data/penn/PN_017/PN_017_T1W_7T.nii.gz	penn:PN_017
PN_018	penn	PN_018	T1W	3T	7T	data/penn/PN_018/PN_018_T1W_3T.nii.gz	penn:PN_018
PN_018	penn	PN_018	T1W	7T	3T	data/penn/PN_018/PN_018_T1W_7T.nii.gz	penn:PN_018
PN_018	penn	PN_018	T2W	3T	7T	data/penn/PN_018/PN_018_T2W_3T.nii.gz	penn:PN_018
PN_018	penn	PN_018	T2W	7T	3T	data/penn/PN_018/PN_018_T2W_7T.nii.gz	penn:PN_018
PN_019	penn	PN_019	T1W	3T	7T	data/penn/PN_019/PN_019_T1W_3T.nii.gz	penn:PN_019
PN_019	penn	PN_019	T1W	7T	3T	data/penn/PN_019/PN_019_T1W_7T.nii.gz	penn:PN_019
PN_020	penn	PN_020	T1W	3T	7T	data/penn/PN_020/PN_020_T1W_3T.nii.gz	penn:PN_020
PN_020	penn	PN_020	T1W	7T	3T	data/penn/PN_020/PN_020_T1W_7T.nii.gz	penn:PN_020
PN_020	penn	PN_020	T2W	3T	7T	data/penn/PN_020/PN_020_T2W_3T.nii.gz	penn:PN_020
PN_020	penn	PN_020	T2W	7T	3T	data/penn/PN_020/PN_020_T2W_7T.nii.gz	penn:PN_020
PN_021	penn	PN_021	T1W	3T	7T	data/penn/PN_021/PN_021_T1W_3T.nii.gz	penn:PN_021
PN_021	penn	PN_021	T1W	7T	3T	data/penn/PN_021/PN_021_T1W_7T.nii.gz	penn:PN_021
PN_021	penn	PN_021	T2W	3T	7T	data/penn/PN_021/PN_021_T2W_3T.nii.gz	penn:PN_021
PN_021	penn	PN_021	T2W	7T	3T	data/penn/PN_021/PN_021_T2W_7T.nii.gz	penn:PN_021
PN_022	penn	PN_022	T1W	3T	7T	data/penn/PN_022/PN_022_T1W_3T.nii.gz	penn:PN_022
PN_022	penn	PN_022	T1W	7T	3T	data/penn/PN_022/PN_022_T1W_7T.nii.gz	penn:PN_022
PN_022	penn	PN_022	T2W	3T	7T	data/penn/PN_022/PN_022_T2W_3T.nii.gz	penn:PN_022
PN_022	penn	PN_022	T2W	7T	3T	data/penn/PN_022/PN_022_T2W_7T.nii.gz	penn:PN_022
PN_023	penn	PN_023	T1W	3T	7T	data/penn/PN_023/PN_023_T1W_3T.nii.gz	penn:PN_023
PN_023	penn	PN_023	T1W	7T	3T	data/penn/PN_023/PN_023_T1W_7T.nii.gz	penn:PN_023
PN_023	penn	PN_023	T2W	3T	7T	data/penn/PN_023/PN_023_T2W_3T.nii.gz	penn:PN_023
PN_023	penn	PN_023	T2W	7T	3T	data/penn/PN_023/PN_023_T2W_7T.nii.gz	penn:PN_023
PN_024	penn	PN_024	T1W	3T	7T	data/penn/PN_024/PN_024_T1W_3T.nii.gz	penn:PN_024
PN_024	penn	PN_024	T1W	7T	3T	data/penn/PN_024/PN_024_T1W_7T.nii.gz	penn:PN_024
PN_024	penn	PN_024	T2W	3T	7T	data/penn/PN_024/PN_024_T2W_3T.nii.gz	penn:PN_024
PN_024	penn	PN_024	T2W	7T	3T	data/penn/PN_024/PN_024_T2W_7T.nii.gz	penn:PN_024
PN_025	penn	PN_025	T1W	3T	7T	data/penn/PN_025/PN_025_T1W_3T.nii.gz	penn:PN_025
PN_025	penn	PN_025	T1W	7T	3T	data/penn/PN_025/PN_025_T1W_7T.nii.gz	penn:PN_025
PN_025	penn	PN_025	T2W	3T	7T	data/penn/PN_025/PN_025_T2W_3T.nii.gz	penn:PN_025
PN_025	penn	PN_025	T2W	7T	3T	data/penn/PN_025/PN_025_T2W_7T.nii.gz	penn:PN_025
PN_026	penn	PN_026	T1W	3T	7T	data/penn/PN_026/PN_026_T1W_3T.nii.gz	penn:PN_026
PN_026	penn	PN_026	T1W	7T	3T	data/penn/PN_026/PN_026_T1W_7T.nii.gz	penn:PN_026
PN_027	penn	PN_027	T1W	3T	7T	data/penn/PN_027/PN_027_T1W_3T.nii.gz	penn:PN_027
PN_027	penn	PN_027	T1W	7T	3T	data/penn/PN_027/PN_027_T1W_7T.nii.gz	penn:PN_027
PN_027	penn	PN_027	T2W	3T	7T	data/penn/PN_027/PN_027_T2W_3T.nii.gz	penn:PN_027
PN_027	penn	PN_027	T2W	7T	3T	data/penn/PN_027/PN_027_T2W_7T.nii.gz	penn:PN_027
PN_028	penn	PN_028	T1W	3T	7T	data/penn/PN_028/PN_028_T1W_3T.nii.gz	penn:PN_028
PN_028	penn	PN_028	T1W	7T	3T	data/penn/PN_028/PN_028_T1W_7T.nii.gz	penn:PN_028
PN_028	penn	PN_028	T2W	3T	7T	data/penn/PN_028/PN_028_T2W_3T.nii.gz	penn:PN_028
PN_028	penn	PN_028	T2W	7T	3T	data/penn/PN_028/PN_028_T2W_7T.nii.gz	penn:PN_028
PN_029	penn	PN_029	T1W	3T	7T	data/penn/PN_029/PN_029_T1W_3T.nii.gz	penn:PN_029
PN_029	penn	PN_029	T1W	7T	3T	data/penn/PN_029/PN_029_T1W_7T.nii.gz	penn:PN_029
PN_029	penn	PN_029	T2W	3T	7T	data/penn/PN_029/PN_029_T2W_3T.nii.gz	penn:PN_029
PN_029	penn	PN_029	T2W	7T	3T	data/penn/PN_029/PN_029_T2W_7T.nii.gz	penn:PN_029
PN_030	penn	PN_030	T1W	3T	7T	data/penn/PN_030/PN_030_T1W_3T.nii.gz	penn:PN_030
PN_030	penn	PN_030	T1W	7T	3T	data/penn/PN_030/PN_030_T1W_7T.nii.gz	penn:PN_030
PN_030	penn	PN_030	T2W	3T	7T	data/penn/PN_030/PN_030_T2W_3T.nii.gz	penn:PN_030
PN_030	penn	PN_030	T2W	7T	3T	data/penn/PN_030/PN_030_T2W_7T.nii.gz	penn:PN_030
U_1001	unc	U_1001	T1W	3T	7T	data/unc/U_1001/U_1001_T1W_3T.nii.gz	unc:U_1001
U_1001	unc	U_1001	T1W	7T	3T	data/unc/U_1001/U_1001_T1W_7T.nii.gz	unc:U_1001
U_1001	unc	U_1001	T2W	3T	7T	data/unc/U_1001/U_1001_T2W_3T.nii.gz	unc:U_1001
U_1001	unc	U_1001	T2W	7T	3T	data/unc/U_1001/U_1001_T2W_7T.nii.gz	unc:U_1001
U_1002	unc	U_1002	T1W	3T	7T	data/unc/U_1002/U_1002_T1W_3T.nii.gz	unc:U_1002
U_1002	unc	U_1002	T1W	7T	3T	data/unc/U_1002/U_1002_T1W_7T.nii.gz	unc:U_1002
U_1002	unc	U_1002	T2W	3T	7T	data/unc/U_1002/U_1002_T2W_3T.nii.gz	unc:U_1002
U_1002	unc	U_1002	T2W	7T	3T	data/unc/U_1002/U_1002_T2W_7T.nii.gz	unc:U_1002
U_1003	unc	U_1003	T1W	3T	7T	data/unc/U_1003/U_1003_T1W_3T.nii.gz	unc:U_1003
U_1003	unc	U_1003	T1W	7T	3T	data/unc/U_1003/U_1003_T1W_7T.nii.gz	unc:U_1003
U_1003	unc	U_1003	T2W	3T	7T	data/unc/U_1003/U_1003_T2W_3T.nii.gz	unc:U_1003
U_1003	unc	U_1003	T2W	7T	3T	data/unc/U_1003/U_1003_T2W_7T.nii.gz	unc:U_1003
U_1004	unc	U_1004	T1W	3T	7T	data/unc/U_1004/U_1004_T1W_3T.nii.gz	unc:U_1004
U_1004	unc	U_1004	T1W	7T	3T	data/unc/U_1004/U_1004_T1W_7T.nii.gz	unc:U_1004
U_1004	unc	U_1004	T2W	3T	7T	data/unc/U_1004/U_1004_T2W_3T.nii.gz	unc:U_1004
U_1004	unc	U_1004	T2W	7T	3T	data/unc/U_1004/U_1004_T2W_7T.nii.gz	unc:U_1004
U_1005	unc	U_1005	T1W	3T	7T	data/unc/U_1005/U_1005_T1W_3T.nii.gz	unc:U_1005
U_1005	unc	U_1005	T1W	7T	3T	data/unc/U_1005/U_1005_T1W_7T.nii.gz	unc:U_1005
U_1005	unc	U_1005	T2W	3T	7T	data/unc/U_1005/U_1005_T2W_3T.nii.gz	unc:U_1005
U_1005	unc	U_1005	T2W	7T	3T	data/unc/U_1005/U_1005_T2W_7T.nii.gz	unc:U_1005
U_1006	unc	U_1006	T1W	3T	7T	data/unc/U_1006/U_1006_T1W_3T.nii.gz	unc:U_1006
U_1006	unc	U_1006	T1W	7T	3T	data/unc/U_1006/U_1006_T1W_7T.nii.gz	unc:U_1006
U_1006	unc	U_1006	T2W	3T	7T	data/unc/U_1006/U_1006_T2W_3T.nii.gz	unc:U_1006
U_1006	unc	U_1006	T2W	7T	3T	data/unc/U_1006/U_1006_T2W_7T.nii.gz	unc:U_1006
U_1007	unc	U_1007	T1W	3T	7T	data/unc/U_1007/U_1007_T1W_3T.nii.gz	unc:U_1007
U_1007	unc	U_1007	T1W	7T	3T	data/unc/U_1007/U_1007_T1W_7T.nii.gz	unc:U_1007
U_1007	unc	U_1007	T2W	3T	7T	data/unc/U_1007/U_1007_T2W_3T.nii.gz	unc:U_1007
U_1007	unc	U_1007	T2W	7T	3T	data/unc/U_1007/U_1007_T2W_7T.nii.gz	unc:U_1007
U_1008	unc	U_1008	T1W	3T	7T	data/unc/U_1008/U_1008_T1W_3T.nii.gz	unc:U_1008
U_1008	unc	U_1008	T1W	7T	3T	data/unc/U_1008/U_1008_T1W_7T.nii.gz	unc:U_1008
U_1008	unc	U_1008	T2W	3T	7T	data/unc/U_1008/U_1008_T2W_3T.nii.gz	unc:U_1008
U_1008	unc	U_1008	T2W	7T	3T	data/unc/U_1008/U_1008_T2W_7T.nii.gz	unc:U_1008
U_1009	unc	U_1009	T1W	3T	7T	data/unc/U_1009/U_1009_T1W_3T.nii.gz	unc:U_1009
U_1009	unc	U_1009	T1W	7T	3T	data/unc/U_1009/U_1009_T1W_7T.nii.gz	unc:U_1009
U_1009	unc	U_1009	T2W	3T	7T	data/unc/U_1009/U_1009_T2W_3T.nii.gz	unc:U_1009
U_1009	unc	U_1009	T2W	7T	3T	data/unc/U_1009/U_1009_T2W_7T.nii.gz	unc:U_1009
U_1010	unc	U_1010	T1W	3T	7T	data/unc/U_1010/U_1010_T1W_3T.nii.gz	unc:U_1010
U_1010	unc	U_1010	T1W	7T	3T	data/unc/U_1010/U_1010_T1W_7T.nii.gz	unc:U_1010
U_1010	unc	U_1010	T2W	3T	7T	data/unc/U_1010/U_1010_T2W_3T.nii.gz	unc:U_1010
U_1010	unc	U_1010	T2W	7T	3T	data/unc/U_1010/U_1010_T2W_7T.nii.gz	unc:U_1010
ZN_PAIR_0011	zenodo_20281403	ZN_PAIR_0011	T1W	3T	64mT	data/zenodo_20281403/ZN_PAIR_0011/ZN_PAIR_0011_T1W_3T.nii.gz	zenodo_20281403:ZN_PAIR_0011
ZN_PAIR_0011	zenodo_20281403	ZN_PAIR_0011	T1W	64mT	3T	data/zenodo_20281403/ZN_PAIR_0011/ZN_PAIR_0011_T1W_64mT.nii.gz	zenodo_20281403:ZN_PAIR_0011
ZN_PAIR_0011	zenodo_20281403	ZN_PAIR_0011	T2FLAIR	3T	64mT	data/zenodo_20281403/ZN_PAIR_0011/ZN_PAIR_0011_T2FLAIR_3T.nii.gz	zenodo_20281403:ZN_PAIR_0011
ZN_PAIR_0011	zenodo_20281403	ZN_PAIR_0011	T2FLAIR	64mT	3T	data/zenodo_20281403/ZN_PAIR_0011/ZN_PAIR_0011_T2FLAIR_64mT.nii.gz	zenodo_20281403:ZN_PAIR_0011
ZN_PAIR_0011	zenodo_20281403	ZN_PAIR_0011	T2W	3T	64mT	data/zenodo_20281403/ZN_PAIR_0011/ZN_PAIR_0011_T2W_3T.nii.gz	zenodo_20281403:ZN_PAIR_0011
ZN_PAIR_0011	zenodo_20281403	ZN_PAIR_0011	T2W	64mT	3T	data/zenodo_20281403/ZN_PAIR_0011/ZN_PAIR_0011_T2W_64mT.nii.gz	zenodo_20281403:ZN_PAIR_0011
ZN_PAIR_0015	zenodo_20281403	ZN_PAIR_0015	T1W	3T	64mT	data/zenodo_20281403/ZN_PAIR_0015/ZN_PAIR_0015_T1W_3T.nii.gz	zenodo_20281403:ZN_PAIR_0015
ZN_PAIR_0015	zenodo_20281403	ZN_PAIR_0015	T1W	64mT	3T	data/zenodo_20281403/ZN_PAIR_0015/ZN_PAIR_0015_T1W_64mT.nii.gz	zenodo_20281403:ZN_PAIR_0015
ZN_PAIR_0015	zenodo_20281403	ZN_PAIR_0015	T2FLAIR	3T	64mT	data/zenodo_20281403/ZN_PAIR_0015/ZN_PAIR_0015_T2FLAIR_3T.nii.gz	zenodo_20281403:ZN_PAIR_0015
ZN_PAIR_0015	zenodo_20281403	ZN_PAIR_0015	T2FLAIR	64mT	3T	data/zenodo_20281403/ZN_PAIR_0015/ZN_PAIR_0015_T2FLAIR_64mT.nii.gz	zenodo_20281403:ZN_PAIR_0015
ZN_PAIR_0015	zenodo_20281403	ZN_PAIR_0015	T2W	3T	64mT	data/zenodo_20281403/ZN_PAIR_0015/ZN_PAIR_0015_T2W_3T.nii.gz	zenodo_20281403:ZN_PAIR_0015
ZN_PAIR_0015	zenodo_20281403	ZN_PAIR_0015	T2W	64mT	3T	data/zenodo_20281403/ZN_PAIR_0015/ZN_PAIR_0015_T2W_64mT.nii.gz	zenodo_20281403:ZN_PAIR_0015
ZN_PAIR_0023	zenodo_20281403	ZN_PAIR_0023	T1W	3T	64mT	data/zenodo_20281403/ZN_PAIR_0023/ZN_PAIR_0023_T1W_3T.nii.gz	zenodo_20281403:ZN_PAIR_0023
ZN_PAIR_0023	zenodo_20281403	ZN_PAIR_0023	T1W	64mT	3T	data/zenodo_20281403/ZN_PAIR_0023/ZN_PAIR_0023_T1W_64mT.nii.gz	zenodo_20281403:ZN_PAIR_0023
ZN_PAIR_0023	zenodo_20281403	ZN_PAIR_0023	T2FLAIR	3T	64mT	data/zenodo_20281403/ZN_PAIR_0023/ZN_PAIR_0023_T2FLAIR_3T.nii.gz	zenodo_20281403:ZN_PAIR_0023
ZN_PAIR_0023	zenodo_20281403	ZN_PAIR_0023	T2FLAIR	64mT	3T	data/zenodo_20281403/ZN_PAIR_0023/ZN_PAIR_0023_T2FLAIR_64mT.nii.gz	zenodo_20281403:ZN_PAIR_0023
ZN_PAIR_0023	zenodo_20281403	ZN_PAIR_0023	T2W	3T	64mT	data/zenodo_20281403/ZN_PAIR_0023/ZN_PAIR_0023_T2W_3T.nii.gz	zenodo_20281403:ZN_PAIR_0023
ZN_PAIR_0023	zenodo_20281403	ZN_PAIR_0023	T2W	64mT	3T	data/zenodo_20281403/ZN_PAIR_0023/ZN_PAIR_0023_T2W_64mT.nii.gz	zenodo_20281403:ZN_PAIR_0023
ZN_PAIR_0025	zenodo_20281403	ZN_PAIR_0025	T1W	3T	64mT	data/zenodo_20281403/ZN_PAIR_0025/ZN_PAIR_0025_T1W_3T.nii.gz	zenodo_20281403:ZN_PAIR_0025
ZN_PAIR_0025	zenodo_20281403	ZN_PAIR_0025	T1W	64mT	3T	data/zenodo_20281403/ZN_PAIR_0025/ZN_PAIR_0025_T1W_64mT.nii.gz	zenodo_20281403:ZN_PAIR_0025
ZN_PAIR_0025	zenodo_20281403	ZN_PAIR_0025	T2FLAIR	3T	64mT	data/zenodo_20281403/ZN_PAIR_0025/ZN_PAIR_0025_T2FLAIR_3T.nii.gz	zenodo_20281403:ZN_PAIR_0025
ZN_PAIR_0025	zenodo_20281403	ZN_PAIR_0025	T2FLAIR	64mT	3T	data/zenodo_20281403/ZN_PAIR_0025/ZN_PAIR_0025_T2FLAIR_64mT.nii.gz	zenodo_20281403:ZN_PAIR_0025
ZN_PAIR_0025	zenodo_20281403	ZN_PAIR_0025	T2W	3T	64mT	data/zenodo_20281403/ZN_PAIR_0025/ZN_PAIR_0025_T2W_3T.nii.gz	zenodo_20281403:ZN_PAIR_0025
ZN_PAIR_0025	zenodo_20281403	ZN_PAIR_0025	T2W	64mT	3T	data/zenodo_20281403/ZN_PAIR_0025/ZN_PAIR_0025_T2W_64mT.nii.gz	zenodo_20281403:ZN_PAIR_0025
ZN_PAIR_0027	zenodo_20281403	ZN_PAIR_0027	T1W	3T	64mT	data/zenodo_20281403/ZN_PAIR_0027/ZN_PAIR_0027_T1W_3T.nii.gz	zenodo_20281403:ZN_PAIR_0027
ZN_PAIR_0027	zenodo_20281403	ZN_PAIR_0027	T1W	64mT	3T	data/zenodo_20281403/ZN_PAIR_0027/ZN_PAIR_0027_T1W_64mT.nii.gz	zenodo_20281403:ZN_PAIR_0027
ZN_PAIR_0027	zenodo_20281403	ZN_PAIR_0027	T2FLAIR	3T	64mT	data/zenodo_20281403/ZN_PAIR_0027/ZN_PAIR_0027_T2FLAIR_3T.nii.gz	zenodo_20281403:ZN_PAIR_0027
ZN_PAIR_0027	zenodo_20281403	ZN_PAIR_0027	T2FLAIR	64mT	3T	data/zenodo_20281403/ZN_PAIR_0027/ZN_PAIR_0027_T2FLAIR_64mT.nii.gz	zenodo_20281403:ZN_PAIR_0027
ZN_PAIR_0027	zenodo_20281403	ZN_PAIR_0027	T2W	3T	64mT	data/zenodo_20281403/ZN_PAIR_0027/ZN_PAIR_0027_T2W_3T.nii.gz	zenodo_20281403:ZN_PAIR_0027
ZN_PAIR_0027	zenodo_20281403	ZN_PAIR_0027	T2W	64mT	3T	data/zenodo_20281403/ZN_PAIR_0027/ZN_PAIR_0027_T2W_64mT.nii.gz	zenodo_20281403:ZN_PAIR_0027
ZN_PAIR_0035	zenodo_20281403	ZN_PAIR_0035	T1W	3T	64mT	data/zenodo_20281403/ZN_PAIR_0035/ZN_PAIR_0035_T1W_3T.nii.gz	zenodo_20281403:ZN_PAIR_0035
ZN_PAIR_0035	zenodo_20281403	ZN_PAIR_0035	T1W	64mT	3T	data/zenodo_20281403/ZN_PAIR_0035/ZN_PAIR_0035_T1W_64mT.nii.gz	zenodo_20281403:ZN_PAIR_0035
ZN_PAIR_0035	zenodo_20281403	ZN_PAIR_0035	T2FLAIR	3T	64mT	data/zenodo_20281403/ZN_PAIR_0035/ZN_PAIR_0035_T2FLAIR_3T.nii.gz	zenodo_20281403:ZN_PAIR_0035
ZN_PAIR_0035	zenodo_20281403	ZN_PAIR_0035	T2FLAIR	64mT	3T	data/zenodo_20281403/ZN_PAIR_0035/ZN_PAIR_0035_T2FLAIR_64mT.nii.gz	zenodo_20281403:ZN_PAIR_0035
ZN_PAIR_0035	zenodo_20281403	ZN_PAIR_0035	T2W	3T	64mT	data/zenodo_20281403/ZN_PAIR_0035/ZN_PAIR_0035_T2W_3T.nii.gz	zenodo_20281403:ZN_PAIR_0035
ZN_PAIR_0035	zenodo_20281403	ZN_PAIR_0035	T2W	64mT	3T	data/zenodo_20281403/ZN_PAIR_0035/ZN_PAIR_0035_T2W_64mT.nii.gz	zenodo_20281403:ZN_PAIR_0035
ZN_PAIR_0046	zenodo_20281403	ZN_PAIR_0046	T1W	3T	64mT	data/zenodo_20281403/ZN_PAIR_0046/ZN_PAIR_0046_T1W_3T.nii.gz	zenodo_20281403:ZN_PAIR_0046
ZN_PAIR_0046	zenodo_20281403	ZN_PAIR_0046	T1W	64mT	3T	data/zenodo_20281403/ZN_PAIR_0046/ZN_PAIR_0046_T1W_64mT.nii.gz	zenodo_20281403:ZN_PAIR_0046
ZN_PAIR_0046	zenodo_20281403	ZN_PAIR_0046	T2FLAIR	3T	64mT	data/zenodo_20281403/ZN_PAIR_0046/ZN_PAIR_0046_T2FLAIR_3T.nii.gz	zenodo_20281403:ZN_PAIR_0046
ZN_PAIR_0046	zenodo_20281403	ZN_PAIR_0046	T2FLAIR	64mT	3T	data/zenodo_20281403/ZN_PAIR_0046/ZN_PAIR_0046_T2FLAIR_64mT.nii.gz	zenodo_20281403:ZN_PAIR_0046
ZN_PAIR_0046	zenodo_20281403	ZN_PAIR_0046	T2W	3T	64mT	data/zenodo_20281403/ZN_PAIR_0046/ZN_PAIR_0046_T2W_3T.nii.gz	zenodo_20281403:ZN_PAIR_0046
ZN_PAIR_0046	zenodo_20281403	ZN_PAIR_0046	T2W	64mT	3T	data/zenodo_20281403/ZN_PAIR_0046/ZN_PAIR_0046_T2W_64mT.nii.gz	zenodo_20281403:ZN_PAIR_0046
ZN_PAIR_0047	zenodo_20281403	ZN_PAIR_0047	T1W	3T	64mT	data/zenodo_20281403/ZN_PAIR_0047/ZN_PAIR_0047_T1W_3T.nii.gz	zenodo_20281403:ZN_PAIR_0047
ZN_PAIR_0047	zenodo_20281403	ZN_PAIR_0047	T1W	64mT	3T	data/zenodo_20281403/ZN_PAIR_0047/ZN_PAIR_0047_T1W_64mT.nii.gz	zenodo_20281403:ZN_PAIR_0047
ZN_PAIR_0047	zenodo_20281403	ZN_PAIR_0047	T2FLAIR	3T	64mT	data/zenodo_20281403/ZN_PAIR_0047/ZN_PAIR_0047_T2FLAIR_3T.nii.gz	zenodo_20281403:ZN_PAIR_0047
ZN_PAIR_0047	zenodo_20281403	ZN_PAIR_0047	T2FLAIR	64mT	3T	data/zenodo_20281403/ZN_PAIR_0047/ZN_PAIR_0047_T2FLAIR_64mT.nii.gz	zenodo_20281403:ZN_PAIR_0047
ZN_PAIR_0047	zenodo_20281403	ZN_PAIR_0047	T2W	3T	64mT	data/zenodo_20281403/ZN_PAIR_0047/ZN_PAIR_0047_T2W_3T.nii.gz	zenodo_20281403:ZN_PAIR_0047
ZN_PAIR_0047	zenodo_20281403	ZN_PAIR_0047	T2W	64mT	3T	data/zenodo_20281403/ZN_PAIR_0047/ZN_PAIR_0047_T2W_64mT.nii.gz	zenodo_20281403:ZN_PAIR_0047
ZN_PAIR_0048	zenodo_20281403	ZN_PAIR_0048	T1W	3T	64mT	data/zenodo_20281403/ZN_PAIR_0048/ZN_PAIR_0048_T1W_3T.nii.gz	zenodo_20281403:ZN_PAIR_0048
ZN_PAIR_0048	zenodo_20281403	ZN_PAIR_0048	T1W	64mT	3T	data/zenodo_20281403/ZN_PAIR_0048/ZN_PAIR_0048_T1W_64mT.nii.gz	zenodo_20281403:ZN_PAIR_0048
ZN_PAIR_0048	zenodo_20281403	ZN_PAIR_0048	T2FLAIR	3T	64mT	data/zenodo_20281403/ZN_PAIR_0048/ZN_PAIR_0048_T2FLAIR_3T.nii.gz	zenodo_20281403:ZN_PAIR_0048
ZN_PAIR_0048	zenodo_20281403	ZN_PAIR_0048	T2FLAIR	64mT	3T	data/zenodo_20281403/ZN_PAIR_0048/ZN_PAIR_0048_T2FLAIR_64mT.nii.gz	zenodo_20281403:ZN_PAIR_0048
ZN_PAIR_0048	zenodo_20281403	ZN_PAIR_0048	T2W	3T	64mT	data/zenodo_20281403/ZN_PAIR_0048/ZN_PAIR_0048_T2W_3T.nii.gz	zenodo_20281403:ZN_PAIR_0048
ZN_PAIR_0048	zenodo_20281403	ZN_PAIR_0048	T2W	64mT	3T	data/zenodo_20281403/ZN_PAIR_0048/ZN_PAIR_0048_T2W_64mT.nii.gz	zenodo_20281403:ZN_PAIR_0048
ZN_PAIR_0064	zenodo_20281403	ZN_PAIR_0064	T1W	3T	64mT	data/zenodo_20281403/ZN_PAIR_0064/ZN_PAIR_0064_T1W_3T.nii.gz	zenodo_20281403:ZN_PAIR_0064
ZN_PAIR_0064	zenodo_20281403	ZN_PAIR_0064	T1W	64mT	3T	data/zenodo_20281403/ZN_PAIR_0064/ZN_PAIR_0064_T1W_64mT.nii.gz	zenodo_20281403:ZN_PAIR_0064
ZN_PAIR_0064	zenodo_20281403	ZN_PAIR_0064	T2FLAIR	3T	64mT	data/zenodo_20281403/ZN_PAIR_0064/ZN_PAIR_0064_T2FLAIR_3T.nii.gz	zenodo_20281403:ZN_PAIR_0064
ZN_PAIR_0064	zenodo_20281403	ZN_PAIR_0064	T2FLAIR	64mT	3T	data/zenodo_20281403/ZN_PAIR_0064/ZN_PAIR_0064_T2FLAIR_64mT.nii.gz	zenodo_20281403:ZN_PAIR_0064
ZN_PAIR_0064	zenodo_20281403	ZN_PAIR_0064	T2W	3T	64mT	data/zenodo_20281403/ZN_PAIR_0064/ZN_PAIR_0064_T2W_3T.nii.gz	zenodo_20281403:ZN_PAIR_0064
ZN_PAIR_0064	zenodo_20281403	ZN_PAIR_0064	T2W	64mT	3T	data/zenodo_20281403/ZN_PAIR_0064/ZN_PAIR_0064_T2W_64mT.nii.gz	zenodo_20281403:ZN_PAIR_0064
ZN_PAIR_0066	zenodo_20281403	ZN_PAIR_0066	T1W	3T	64mT	data/zenodo_20281403/ZN_PAIR_0066/ZN_PAIR_0066_T1W_3T.nii.gz	zenodo_20281403:ZN_PAIR_0066
ZN_PAIR_0066	zenodo_20281403	ZN_PAIR_0066	T1W	64mT	3T	data/zenodo_20281403/ZN_PAIR_0066/ZN_PAIR_0066_T1W_64mT.nii.gz	zenodo_20281403:ZN_PAIR_0066
ZN_PAIR_0066	zenodo_20281403	ZN_PAIR_0066	T2FLAIR	3T	64mT	data/zenodo_20281403/ZN_PAIR_0066/ZN_PAIR_0066_T2FLAIR_3T.nii.gz	zenodo_20281403:ZN_PAIR_0066
ZN_PAIR_0066	zenodo_20281403	ZN_PAIR_0066	T2FLAIR	64mT	3T	data/zenodo_20281403/ZN_PAIR_0066/ZN_PAIR_0066_T2FLAIR_64mT.nii.gz	zenodo_20281403:ZN_PAIR_0066
ZN_PAIR_0066	zenodo_20281403	ZN_PAIR_0066	T2W	3T	64mT	data/zenodo_20281403/ZN_PAIR_0066/ZN_PAIR_0066_T2W_3T.nii.gz	zenodo_20281403:ZN_PAIR_0066
ZN_PAIR_0066	zenodo_20281403	ZN_PAIR_0066	T2W	64mT	3T	data/zenodo_20281403/ZN_PAIR_0066/ZN_PAIR_0066_T2W_64mT.nii.gz	zenodo_20281403:ZN_PAIR_0066
